running extract_messages
extracting messages from tests/__init__.py (encoding="utf-8")
extracting messages from tests/conftest.py (encoding="utf-8")
extracting messages from tests/test_invenio_resources.py (encoding="utf-8")
extracting messages from tests/test_tasks.py (encoding="utf-8")
extracting messages from tests/factories/__init__.py (encoding="utf-8")
extracting messages from tests/factories/conftest.py (encoding="utf-8")
extracting messages from tests/factories/test_factory.py (encoding="utf-8")
extracting messages from tests/factories/test_service.py (encoding="utf-8")
extracting messages from tests/mock_module/__init__.py (encoding="utf-8")
extracting messages from tests/mock_module/api.py (encoding="utf-8")
extracting messages from tests/mock_module/config.py (encoding="utf-8")
extracting messages from tests/mock_module/extractor.py (encoding="utf-8")
extracting messages from tests/mock_module/models.py (encoding="utf-8")
extracting messages from tests/mock_module/permissions.py (encoding="utf-8")
extracting messages from tests/mock_module/resource.py (encoding="utf-8")
extracting messages from tests/mock_module/schemas.py (encoding="utf-8")
extracting messages from tests/mock_module/jsonschemas/__init__.py (encoding="utf-8")
extracting messages from tests/mock_module/mappings/__init__.py (encoding="utf-8")
extracting messages from tests/mock_module/mappings/os-v1/__init__.py (encoding="utf-8")
extracting messages from tests/mock_module/mappings/os-v2/__init__.py (encoding="utf-8")
extracting messages from tests/mock_module/mappings/v7/__init__.py (encoding="utf-8")
extracting messages from tests/mock_module_factory/__init__.py (encoding="utf-8")
extracting messages from tests/mock_module_factory/grants.py (encoding="utf-8")
extracting messages from tests/mock_module_factory/jsonschemas/__init__.py (encoding="utf-8")
extracting messages from tests/mock_module_factory/mappings/__init__.py (encoding="utf-8")
extracting messages from tests/mock_module_factory/mappings/os-v1/__init__.py (encoding="utf-8")
extracting messages from tests/mock_module_factory/mappings/os-v2/__init__.py (encoding="utf-8")
extracting messages from tests/mock_module_factory/mappings/v7/__init__.py (encoding="utf-8")
extracting messages from tests/records/conftest.py (encoding="utf-8")
extracting messages from tests/records/test_api.py (encoding="utf-8")
extracting messages from tests/records/test_dumpers.py (encoding="utf-8")
extracting messages from tests/records/test_systemfield_files.py (encoding="utf-8")
extracting messages from tests/records/test_systemfield_index.py (encoding="utf-8")
extracting messages from tests/records/test_systemfield_modelpid.py (encoding="utf-8")
extracting messages from tests/records/test_systemfield_pid.py (encoding="utf-8")
extracting messages from tests/records/test_systemfield_pidstatus.py (encoding="utf-8")
extracting messages from tests/resources/conftest.py (encoding="utf-8")
extracting messages from tests/resources/test_files_resource.py (encoding="utf-8")
extracting messages from tests/resources/test_resource_faceting.py (encoding="utf-8")
extracting messages from tests/resources/test_resource_links.py (encoding="utf-8")
extracting messages from tests/resources/test_resource_pagination.py (encoding="utf-8")
extracting messages from tests/resources/test_resource_preference.py (encoding="utf-8")
extracting messages from tests/resources/test_resource_sorting.py (encoding="utf-8")
extracting messages from tests/resources/test_resources.py (encoding="utf-8")
extracting messages from tests/resources/test_resources_etag.py (encoding="utf-8")
extracting messages from tests/resources/files/__init__.py (encoding="utf-8")
extracting messages from tests/resources/files/conftest.py (encoding="utf-8")
extracting messages from tests/resources/files/test_zip.py (encoding="utf-8")
extracting messages from tests/services/conftest.py (encoding="utf-8")
extracting messages from tests/services/test_results.py (encoding="utf-8")
extracting messages from tests/services/test_results_expand.py (encoding="utf-8")
extracting messages from tests/services/test_service.py (encoding="utf-8")
extracting messages from tests/services/test_service_create.py (encoding="utf-8")
extracting messages from tests/services/test_service_create_update.py (encoding="utf-8")
extracting messages from tests/services/test_service_date_facet.py (encoding="utf-8")
extracting messages from tests/services/test_service_facets.py (encoding="utf-8")
extracting messages from tests/services/test_service_pagination.py (encoding="utf-8")
extracting messages from tests/services/test_service_queryparser.py (encoding="utf-8")
extracting messages from tests/services/test_service_relation_propagation.py (encoding="utf-8")
extracting messages from tests/services/test_service_revision_id.py (encoding="utf-8")
extracting messages from tests/services/test_service_sort.py (encoding="utf-8")
extracting messages from tests/services/test_utils.py (encoding="utf-8")
extracting messages from tests/services/custom_fields/test_base_cf.py (encoding="utf-8")
extracting messages from tests/services/custom_fields/test_boolean_cf.py (encoding="utf-8")
extracting messages from tests/services/custom_fields/test_date_cf.py (encoding="utf-8")
extracting messages from tests/services/custom_fields/test_number_cf.py (encoding="utf-8")
extracting messages from tests/services/custom_fields/test_schema_cf.py (encoding="utf-8")
extracting messages from tests/services/custom_fields/test_text_cf.py (encoding="utf-8")
extracting messages from tests/services/custom_fields/test_validate.py (encoding="utf-8")
extracting messages from tests/services/files/conftest.py (encoding="utf-8")
extracting messages from tests/services/files/files_utils.py (encoding="utf-8")
extracting messages from tests/services/files/test_file_extractors.py (encoding="utf-8")
extracting messages from tests/services/files/test_file_results.py (encoding="utf-8")
extracting messages from tests/services/files/test_file_service.py (encoding="utf-8")
extracting messages from tests/services/files/test_files_options.py (encoding="utf-8")
extracting messages from tests/services/files/test_files_processing.py (encoding="utf-8")
extracting messages from tests/services/files/test_zip.py (encoding="utf-8")
extracting messages from tests/services/files/s3/conftest.py (encoding="utf-8")
extracting messages from tests/services/files/s3/test_service_s3_backend.py (encoding="utf-8")
extracting messages from invenio_records_resources/__init__.py (encoding="utf-8")
extracting messages from invenio_records_resources/config.py (encoding="utf-8")
extracting messages from invenio_records_resources/errors.py (encoding="utf-8")
extracting messages from invenio_records_resources/ext.py (encoding="utf-8")
extracting messages from invenio_records_resources/pagination.py (encoding="utf-8")
extracting messages from invenio_records_resources/patch_info.py (encoding="utf-8")
extracting messages from invenio_records_resources/proxies.py (encoding="utf-8")
extracting messages from invenio_records_resources/registry.py (encoding="utf-8")
extracting messages from invenio_records_resources/tasks.py (encoding="utf-8")
extracting messages from invenio_records_resources/factories/__init__.py (encoding="utf-8")
extracting messages from invenio_records_resources/factories/factory.py (encoding="utf-8")
extracting messages from invenio_records_resources/records/__init__.py (encoding="utf-8")
extracting messages from invenio_records_resources/records/api.py (encoding="utf-8")
extracting messages from invenio_records_resources/records/dumpers.py (encoding="utf-8")
extracting messages from invenio_records_resources/records/models.py (encoding="utf-8")
extracting messages from invenio_records_resources/records/providers.py (encoding="utf-8")
extracting messages from invenio_records_resources/records/resolver.py (encoding="utf-8")
extracting messages from invenio_records_resources/records/transfer.py (encoding="utf-8")
extracting messages from invenio_records_resources/records/jsonschemas/__init__.py (encoding="utf-8")
extracting messages from invenio_records_resources/records/systemfields/__init__.py (encoding="utf-8")
extracting messages from invenio_records_resources/records/systemfields/calculated.py (encoding="utf-8")
extracting messages from invenio_records_resources/records/systemfields/entity_reference.py (encoding="utf-8")
extracting messages from invenio_records_resources/records/systemfields/index.py (encoding="utf-8")
extracting messages from invenio_records_resources/records/systemfields/pid.py (encoding="utf-8")
extracting messages from invenio_records_resources/records/systemfields/pid_statuscheck.py (encoding="utf-8")
extracting messages from invenio_records_resources/records/systemfields/relations.py (encoding="utf-8")
extracting messages from invenio_records_resources/records/systemfields/files/__init__.py (encoding="utf-8")
extracting messages from invenio_records_resources/records/systemfields/files/field.py (encoding="utf-8")
extracting messages from invenio_records_resources/records/systemfields/files/manager.py (encoding="utf-8")
extracting messages from invenio_records_resources/references/__init__.py (encoding="utf-8")
extracting messages from invenio_records_resources/references/grants.py (encoding="utf-8")
extracting messages from invenio_records_resources/references/registry.py (encoding="utf-8")
extracting messages from invenio_records_resources/references/entity_resolvers/__init__.py (encoding="utf-8")
extracting messages from invenio_records_resources/references/entity_resolvers/base.py (encoding="utf-8")
extracting messages from invenio_records_resources/references/entity_resolvers/records.py (encoding="utf-8")
extracting messages from invenio_records_resources/references/entity_resolvers/results.py (encoding="utf-8")
extracting messages from invenio_records_resources/resources/__init__.py (encoding="utf-8")
extracting messages from invenio_records_resources/resources/errors.py (encoding="utf-8")
extracting messages from invenio_records_resources/resources/files/__init__.py (encoding="utf-8")
extracting messages from invenio_records_resources/resources/files/config.py (encoding="utf-8")
extracting messages from invenio_records_resources/resources/files/parser.py (encoding="utf-8")
extracting messages from invenio_records_resources/resources/files/resource.py (encoding="utf-8")
extracting messages from invenio_records_resources/resources/records/__init__.py (encoding="utf-8")
extracting messages from invenio_records_resources/resources/records/args.py (encoding="utf-8")
extracting messages from invenio_records_resources/resources/records/config.py (encoding="utf-8")
extracting messages from invenio_records_resources/resources/records/headers.py (encoding="utf-8")
extracting messages from invenio_records_resources/resources/records/resource.py (encoding="utf-8")
extracting messages from invenio_records_resources/resources/records/utils.py (encoding="utf-8")
extracting messages from invenio_records_resources/services/__init__.py (encoding="utf-8")
extracting messages from invenio_records_resources/services/errors.py (encoding="utf-8")
extracting messages from invenio_records_resources/services/uow.py (encoding="utf-8")
extracting messages from invenio_records_resources/services/base/__init__.py (encoding="utf-8")
extracting messages from invenio_records_resources/services/base/components.py (encoding="utf-8")
extracting messages from invenio_records_resources/services/base/config.py (encoding="utf-8")
extracting messages from invenio_records_resources/services/base/links.py (encoding="utf-8")
extracting messages from invenio_records_resources/services/base/results.py (encoding="utf-8")
extracting messages from invenio_records_resources/services/base/service.py (encoding="utf-8")
extracting messages from invenio_records_resources/services/base/utils.py (encoding="utf-8")
extracting messages from invenio_records_resources/services/custom_fields/__init__.py (encoding="utf-8")
extracting messages from invenio_records_resources/services/custom_fields/base.py (encoding="utf-8")
extracting messages from invenio_records_resources/services/custom_fields/boolean.py (encoding="utf-8")
extracting messages from invenio_records_resources/services/custom_fields/date.py (encoding="utf-8")
extracting messages from invenio_records_resources/services/custom_fields/errors.py (encoding="utf-8")
extracting messages from invenio_records_resources/services/custom_fields/mappings.py (encoding="utf-8")
extracting messages from invenio_records_resources/services/custom_fields/number.py (encoding="utf-8")
extracting messages from invenio_records_resources/services/custom_fields/schema.py (encoding="utf-8")
extracting messages from invenio_records_resources/services/custom_fields/text.py (encoding="utf-8")
extracting messages from invenio_records_resources/services/custom_fields/validate.py (encoding="utf-8")
extracting messages from invenio_records_resources/services/files/__init__.py (encoding="utf-8")
extracting messages from invenio_records_resources/services/files/config.py (encoding="utf-8")
extracting messages from invenio_records_resources/services/files/generators.py (encoding="utf-8")
extracting messages from invenio_records_resources/services/files/links.py (encoding="utf-8")
extracting messages from invenio_records_resources/services/files/results.py (encoding="utf-8")
extracting messages from invenio_records_resources/services/files/schema.py (encoding="utf-8")
extracting messages from invenio_records_resources/services/files/service.py (encoding="utf-8")
extracting messages from invenio_records_resources/services/files/tasks.py (encoding="utf-8")
extracting messages from invenio_records_resources/services/files/components/__init__.py (encoding="utf-8")
extracting messages from invenio_records_resources/services/files/components/base.py (encoding="utf-8")
extracting messages from invenio_records_resources/services/files/components/content.py (encoding="utf-8")
extracting messages from invenio_records_resources/services/files/components/metadata.py (encoding="utf-8")
extracting messages from invenio_records_resources/services/files/components/multipart.py (encoding="utf-8")
extracting messages from invenio_records_resources/services/files/components/processor.py (encoding="utf-8")
extracting messages from invenio_records_resources/services/files/extractors/__init__.py (encoding="utf-8")
extracting messages from invenio_records_resources/services/files/extractors/base.py (encoding="utf-8")
extracting messages from invenio_records_resources/services/files/extractors/reply_stream.py (encoding="utf-8")
extracting messages from invenio_records_resources/services/files/extractors/zip.py (encoding="utf-8")
extracting messages from invenio_records_resources/services/files/processors/__init__.py (encoding="utf-8")
extracting messages from invenio_records_resources/services/files/processors/base.py (encoding="utf-8")
extracting messages from invenio_records_resources/services/files/processors/image.py (encoding="utf-8")
extracting messages from invenio_records_resources/services/files/processors/zip.py (encoding="utf-8")
extracting messages from invenio_records_resources/services/files/transfer/__init__.py (encoding="utf-8")
extracting messages from invenio_records_resources/services/files/transfer/base.py (encoding="utf-8")
extracting messages from invenio_records_resources/services/files/transfer/constants.py (encoding="utf-8")
extracting messages from invenio_records_resources/services/files/transfer/registry.py (encoding="utf-8")
extracting messages from invenio_records_resources/services/files/transfer/providers/__init__.py (encoding="utf-8")
extracting messages from invenio_records_resources/services/files/transfer/providers/fetch.py (encoding="utf-8")
extracting messages from invenio_records_resources/services/files/transfer/providers/local.py (encoding="utf-8")
extracting messages from invenio_records_resources/services/files/transfer/providers/multipart.py (encoding="utf-8")
extracting messages from invenio_records_resources/services/files/transfer/providers/remote.py (encoding="utf-8")
extracting messages from invenio_records_resources/services/records/__init__.py (encoding="utf-8")
extracting messages from invenio_records_resources/services/records/config.py (encoding="utf-8")
extracting messages from invenio_records_resources/services/records/links.py (encoding="utf-8")
extracting messages from invenio_records_resources/services/records/results.py (encoding="utf-8")
extracting messages from invenio_records_resources/services/records/schema.py (encoding="utf-8")
extracting messages from invenio_records_resources/services/records/service.py (encoding="utf-8")
extracting messages from invenio_records_resources/services/records/components/__init__.py (encoding="utf-8")
extracting messages from invenio_records_resources/services/records/components/base.py (encoding="utf-8")
extracting messages from invenio_records_resources/services/records/components/data.py (encoding="utf-8")
extracting messages from invenio_records_resources/services/records/components/files.py (encoding="utf-8")
extracting messages from invenio_records_resources/services/records/components/metadata.py (encoding="utf-8")
extracting messages from invenio_records_resources/services/records/components/relations.py (encoding="utf-8")
extracting messages from invenio_records_resources/services/records/facets/__init__.py (encoding="utf-8")
extracting messages from invenio_records_resources/services/records/facets/facets.py (encoding="utf-8")
extracting messages from invenio_records_resources/services/records/facets/labels.py (encoding="utf-8")
extracting messages from invenio_records_resources/services/records/facets/response.py (encoding="utf-8")
extracting messages from invenio_records_resources/services/records/params/__init__.py (encoding="utf-8")
extracting messages from invenio_records_resources/services/records/params/base.py (encoding="utf-8")
extracting messages from invenio_records_resources/services/records/params/facets.py (encoding="utf-8")
extracting messages from invenio_records_resources/services/records/params/filter.py (encoding="utf-8")
extracting messages from invenio_records_resources/services/records/params/pagination.py (encoding="utf-8")
extracting messages from invenio_records_resources/services/records/params/querystr.py (encoding="utf-8")
extracting messages from invenio_records_resources/services/records/params/sort.py (encoding="utf-8")
extracting messages from invenio_records_resources/services/records/queryparser/__init__.py (encoding="utf-8")
extracting messages from invenio_records_resources/services/records/queryparser/query.py (encoding="utf-8")
extracting messages from invenio_records_resources/services/records/queryparser/suggest.py (encoding="utf-8")
extracting messages from invenio_records_resources/services/records/queryparser/transformer.py (encoding="utf-8")
extracting messages from invenio_records_resources/services/references/__init__.py (encoding="utf-8")
extracting messages from invenio_records_resources/services/references/schema.py (encoding="utf-8")
writing PO template file to /dev/null
 minio Pulling 
 redis Pulling 
 opensearch Pulling 
 postgresql Pulling 
 f9dd052e142d Pulling fs layer 
 e8c6d4883897 Pulling fs layer 
 648eb81b3252 Pulling fs layer 
 eb77aa907276 Pulling fs layer 
 4f4fb700ef54 Pulling fs layer 
 0ffa8f8aba1e Pulling fs layer 
 2e81b9cb93cd Pulling fs layer 
 eb77aa907276 Waiting 
 4f4fb700ef54 Waiting 
 0ffa8f8aba1e Waiting 
 2e81b9cb93cd Waiting 
 b0a0cf830b12 Pulling fs layer 
 dda3d8fbd5ed Pulling fs layer 
 283a477db7bb Pulling fs layer 
 91d2729fa4d5 Pulling fs layer 
 9739ced65621 Pulling fs layer 
 ae3bb1b347a4 Pulling fs layer 
 f8406d9c00ea Pulling fs layer 
 c199bff16b05 Pulling fs layer 
 e0d55fdb4d15 Pulling fs layer 
 c1cb13b19080 Pulling fs layer 
 873532e5f8c7 Pulling fs layer 
 050d9f8c3b1c Pulling fs layer 
 b0a0cf830b12 Waiting 
 710e142705f8 Pulling fs layer 
 283a477db7bb Waiting 
 dda3d8fbd5ed Waiting 
 cb628c265f09 Pulling fs layer 
 ae3bb1b347a4 Waiting 
 c1cb13b19080 Waiting 
 f8406d9c00ea Waiting 
 91d2729fa4d5 Waiting 
 873532e5f8c7 Waiting 
 9739ced65621 Waiting 
 c199bff16b05 Waiting 
 050d9f8c3b1c Waiting 
 e0d55fdb4d15 Waiting 
 cb628c265f09 Waiting 
 84a2afebaf4d Pulling fs layer 
 68bef8a2321a Pulling fs layer 
 dc35057c3d27 Pulling fs layer 
 762d5b1c0ef7 Pulling fs layer 
 1196a886e941 Pulling fs layer 
 96afa962f1ac Pulling fs layer 
 4f4fb700ef54 Pulling fs layer 
 6475cc3afbe1 Pulling fs layer 
 68bef8a2321a Waiting 
 dc35057c3d27 Waiting 
 762d5b1c0ef7 Waiting 
 1196a886e941 Waiting 
 96afa962f1ac Waiting 
 4f4fb700ef54 Waiting 
 6475cc3afbe1 Waiting 
 84a2afebaf4d Waiting 
 b83ce1c86227 Pulling fs layer 
 f94d28849fa3 Pulling fs layer 
 81260b173076 Pulling fs layer 
 f9c0805c25ee Pulling fs layer 
 1008deaf6ec4 Pulling fs layer 
 71e9fc939447 Pulling fs layer 
 c1bc68842c41 Pulling fs layer 
 0288b5a0d7e7 Pulling fs layer 
 34013573f278 Pulling fs layer 
 f94d28849fa3 Waiting 
 81260b173076 Waiting 
 f9c0805c25ee Waiting 
 1008deaf6ec4 Waiting 
 71e9fc939447 Waiting 
 c1bc68842c41 Waiting 
 0288b5a0d7e7 Waiting 
 34013573f278 Waiting 
 b83ce1c86227 Waiting 
 f9dd052e142d Downloading [>                                                  ]  528.2kB/52.33MB
 e8c6d4883897 Downloading [>                                                  ]  45.11kB/4.398MB
 648eb81b3252 Downloading [=======================>                           ]     719B/1.561kB
 648eb81b3252 Downloading [==================================================>]  1.561kB/1.561kB
 648eb81b3252 Verifying Checksum 
 648eb81b3252 Download complete 
 e8c6d4883897 Verifying Checksum 
 e8c6d4883897 Download complete 
 eb77aa907276 Downloading [>                                                  ]  528.1kB/907.7MB
 f9dd052e142d Downloading [========>                                          ]  8.503MB/52.33MB
 4f4fb700ef54 Downloading [==================================================>]      32B/32B
 4f4fb700ef54 Verifying Checksum 
 4f4fb700ef54 Download complete 
 f9dd052e142d Downloading [===============>                                   ]  16.45MB/52.33MB
 0ffa8f8aba1e Downloading [==================================================>]     226B/226B
 0ffa8f8aba1e Verifying Checksum 
 0ffa8f8aba1e Download complete 
 eb77aa907276 Downloading [>                                                  ]  4.817MB/907.7MB
 2e81b9cb93cd Downloading [===================>                               ]     707B/1.859kB
 2e81b9cb93cd Downloading [==================================================>]  1.859kB/1.859kB
 2e81b9cb93cd Verifying Checksum 
 2e81b9cb93cd Download complete 
 f9dd052e142d Downloading [======================>                            ]  23.36MB/52.33MB
 eb77aa907276 Downloading [>                                                  ]  9.644MB/907.7MB
 b0a0cf830b12 Downloading [>                                                  ]  302.9kB/29.15MB
 f9dd052e142d Downloading [===============================>                   ]  33.41MB/52.33MB
 eb77aa907276 Downloading [=>                                                 ]  18.73MB/907.7MB
 b0a0cf830b12 Downloading [===========>                                       ]  6.623MB/29.15MB
 f9dd052e142d Downloading [========================================>          ]  41.86MB/52.33MB
 eb77aa907276 Downloading [=>                                                 ]  29.38MB/907.7MB
 b0a0cf830b12 Downloading [===================>                               ]  11.41MB/29.15MB
 f9dd052e142d Download complete 
 f9dd052e142d Extracting [>                                                  ]  524.3kB/52.33MB
 eb77aa907276 Downloading [==>                                                ]  42.74MB/907.7MB
 b0a0cf830b12 Downloading [======================================>            ]  22.22MB/29.15MB
 dda3d8fbd5ed Downloading [==============================>                    ]     720B/1.165kB
 dda3d8fbd5ed Downloading [==================================================>]  1.165kB/1.165kB
 dda3d8fbd5ed Verifying Checksum 
 dda3d8fbd5ed Download complete 
 f9dd052e142d Extracting [=>                                                 ]  1.573MB/52.33MB
 eb77aa907276 Downloading [==>                                                ]  48.62MB/907.7MB
 283a477db7bb Downloading [>                                                  ]  46.31kB/4.533MB
 b0a0cf830b12 Downloading [============================================>      ]  26.15MB/29.15MB
 283a477db7bb Download complete 
 eb77aa907276 Downloading [===>                                               ]  60.36MB/907.7MB
 f9dd052e142d Extracting [====>                                              ]  4.719MB/52.33MB
 91d2729fa4d5 Downloading [>                                                  ]  15.73kB/1.45MB
 b0a0cf830b12 Downloading [==================================================>]  29.15MB/29.15MB
 b0a0cf830b12 Verifying Checksum 
 b0a0cf830b12 Download complete 
 91d2729fa4d5 Verifying Checksum 
 91d2729fa4d5 Download complete 
 b0a0cf830b12 Extracting [>                                                  ]  294.9kB/29.15MB
 eb77aa907276 Downloading [===>                                               ]  67.81MB/907.7MB
 9739ced65621 Downloading [>                                                  ]  80.81kB/8.069MB
 f9dd052e142d Extracting [=====>                                             ]  5.767MB/52.33MB
 ae3bb1b347a4 Downloading [>                                                  ]     13kB/1.196MB
 ae3bb1b347a4 Downloading [==================================================>]  1.196MB/1.196MB
 ae3bb1b347a4 Verifying Checksum 
 ae3bb1b347a4 Download complete 
 b0a0cf830b12 Extracting [========>                                          ]  5.014MB/29.15MB
 eb77aa907276 Downloading [====>                                              ]  74.22MB/907.7MB
 9739ced65621 Downloading [======================================>            ]   6.14MB/8.069MB
 f8406d9c00ea Downloading [==================================================>]     116B/116B
 f8406d9c00ea Download complete 
 f9dd052e142d Extracting [===========>                                       ]  11.53MB/52.33MB
 b0a0cf830b12 Extracting [===============>                                   ]  9.142MB/29.15MB
 9739ced65621 Verifying Checksum 
 9739ced65621 Download complete 
 eb77aa907276 Downloading [====>                                              ]  82.26MB/907.7MB
 c199bff16b05 Downloading [===========>                                       ]     720B/3.145kB
 c199bff16b05 Download complete 
 f9dd052e142d Extracting [=================>                                 ]  17.83MB/52.33MB
 c1cb13b19080 Downloading [======>                                            ]  1.369kB/9.925kB
 c1cb13b19080 Downloading [==================================================>]  9.925kB/9.925kB
 c1cb13b19080 Verifying Checksum 
 c1cb13b19080 Download complete 
 b0a0cf830b12 Extracting [==================>                                ]  10.91MB/29.15MB
 eb77aa907276 Downloading [====>                                              ]  90.25MB/907.7MB
 e0d55fdb4d15 Downloading [>                                                  ]  540.7kB/109MB
 f9dd052e142d Extracting [=======================>                           ]  24.64MB/52.33MB
 873532e5f8c7 Downloading [==================================================>]     128B/128B
 873532e5f8c7 Download complete 
 b0a0cf830b12 Extracting [=========================>                         ]  14.75MB/29.15MB
 eb77aa907276 Downloading [=====>                                             ]  100.4MB/907.7MB
 e0d55fdb4d15 Downloading [====>                                              ]  10.13MB/109MB
 050d9f8c3b1c Downloading [==================================================>]     169B/169B
 050d9f8c3b1c Verifying Checksum 
 050d9f8c3b1c Download complete 
 f9dd052e142d Extracting [==========================>                        ]  27.26MB/52.33MB
 b0a0cf830b12 Extracting [===================================>               ]  20.64MB/29.15MB
 710e142705f8 Downloading [======>                                            ]     719B/5.421kB
 710e142705f8 Downloading [==================================================>]  5.421kB/5.421kB
 710e142705f8 Download complete 
 e0d55fdb4d15 Downloading [===========>                                       ]  24.57MB/109MB
 eb77aa907276 Downloading [=====>                                             ]  108.9MB/907.7MB
 cb628c265f09 Downloading [==================================================>]     184B/184B
 cb628c265f09 Verifying Checksum 
 cb628c265f09 Download complete 
 f9dd052e142d Extracting [===========================>                       ]  28.84MB/52.33MB
 e0d55fdb4d15 Downloading [=================>                                 ]  37.36MB/109MB
 eb77aa907276 Downloading [======>                                            ]  113.7MB/907.7MB
 84a2afebaf4d Downloading [>                                                  ]  282.4kB/28.24MB
 f9dd052e142d Extracting [============================>                      ]  29.88MB/52.33MB
 e0d55fdb4d15 Downloading [====================>                              ]  44.29MB/109MB
 eb77aa907276 Downloading [======>                                            ]  119.6MB/907.7MB
 b0a0cf830b12 Extracting [==========================================>        ]  24.77MB/29.15MB
 e0d55fdb4d15 Downloading [=========================>                         ]  55.51MB/109MB
 84a2afebaf4d Downloading [=======>                                           ]  4.368MB/28.24MB
 f9dd052e142d Extracting [=============================>                     ]  30.41MB/52.33MB
 eb77aa907276 Downloading [=======>                                           ]    134MB/907.7MB
 b0a0cf830b12 Extracting [===============================================>   ]  27.72MB/29.15MB
 e0d55fdb4d15 Downloading [===============================>                   ]  68.86MB/109MB
 84a2afebaf4d Downloading [==============>                                    ]  8.143MB/28.24MB
 eb77aa907276 Downloading [=======>                                           ]  141.5MB/907.7MB
 f9dd052e142d Extracting [===============================>                   ]  33.03MB/52.33MB
 e0d55fdb4d15 Downloading [===================================>               ]  77.91MB/109MB
 84a2afebaf4d Downloading [======================>                            ]  12.81MB/28.24MB
 eb77aa907276 Downloading [========>                                          ]  146.8MB/907.7MB
 f9dd052e142d Extracting [=================================>                 ]   34.6MB/52.33MB
 e0d55fdb4d15 Downloading [======================================>            ]  83.78MB/109MB
 84a2afebaf4d Downloading [===============================>                   ]  17.76MB/28.24MB
 eb77aa907276 Downloading [========>                                          ]  157.5MB/907.7MB
 f9dd052e142d Extracting [===================================>               ]   36.7MB/52.33MB
 b0a0cf830b12 Extracting [================================================>  ]  28.31MB/29.15MB
 84a2afebaf4d Downloading [==============================================>    ]  26.48MB/28.24MB
 e0d55fdb4d15 Downloading [========================================>          ]  89.13MB/109MB
 eb77aa907276 Downloading [========>                                          ]  161.2MB/907.7MB
 84a2afebaf4d Download complete 
 f9dd052e142d Extracting [====================================>              ]  38.27MB/52.33MB
 84a2afebaf4d Extracting [>                                                  ]  294.9kB/28.24MB
 e0d55fdb4d15 Downloading [===========================================>       ]     95MB/109MB
 68bef8a2321a Downloading [================================>                  ]     721B/1.102kB
 68bef8a2321a Downloading [==================================================>]  1.102kB/1.102kB
 68bef8a2321a Verifying Checksum 
 68bef8a2321a Download complete 
 eb77aa907276 Downloading [=========>                                         ]  164.4MB/907.7MB
 b0a0cf830b12 Extracting [==================================================>]  29.15MB/29.15MB
 f9dd052e142d Extracting [======================================>            ]  39.85MB/52.33MB
 dc35057c3d27 Downloading [=========================================>         ]     722B/875B
 dc35057c3d27 Downloading [==================================================>]     875B/875B
 dc35057c3d27 Verifying Checksum 
 dc35057c3d27 Download complete 
 84a2afebaf4d Extracting [=====>                                             ]  3.244MB/28.24MB
 e0d55fdb4d15 Downloading [==============================================>    ]  101.9MB/109MB
 b0a0cf830b12 Pull complete 
 dda3d8fbd5ed Extracting [==================================================>]  1.165kB/1.165kB
 eb77aa907276 Downloading [=========>                                         ]  171.3MB/907.7MB
 dda3d8fbd5ed Extracting [==================================================>]  1.165kB/1.165kB
 f9dd052e142d Extracting [========================================>          ]  41.94MB/52.33MB
 762d5b1c0ef7 Downloading [>                                                  ]   15.6kB/1.438MB
 84a2afebaf4d Extracting [============>                                      ]  7.078MB/28.24MB
 e0d55fdb4d15 Downloading [=================================================> ]  107.8MB/109MB
 e0d55fdb4d15 Verifying Checksum 
 e0d55fdb4d15 Download complete 
 eb77aa907276 Downloading [=========>                                         ]  175.6MB/907.7MB
 762d5b1c0ef7 Verifying Checksum 
 762d5b1c0ef7 Download complete 
 f9dd052e142d Extracting [==========================================>        ]  44.04MB/52.33MB
 84a2afebaf4d Extracting [================>                                  ]  9.437MB/28.24MB
 96afa962f1ac Downloading [==================================================>]      96B/96B
 96afa962f1ac Download complete 
 eb77aa907276 Downloading [==========>                                        ]  184.2MB/907.7MB
 1196a886e941 Downloading [>                                                  ]  155.9kB/15.35MB
 84a2afebaf4d Extracting [=====================>                             ]  12.09MB/28.24MB
 f9dd052e142d Extracting [=============================================>     ]  47.19MB/52.33MB
 4f4fb700ef54 Downloading [==================================================>]      32B/32B
 4f4fb700ef54 Verifying Checksum 
 4f4fb700ef54 Download complete 
 1196a886e941 Downloading [=======>                                           ]    2.4MB/15.35MB
 6475cc3afbe1 Downloading [==================================================>]     573B/573B
 6475cc3afbe1 Verifying Checksum 
 6475cc3afbe1 Download complete 
 eb77aa907276 Downloading [==========>                                        ]  194.3MB/907.7MB
 84a2afebaf4d Extracting [===============================>                   ]  17.99MB/28.24MB
 f9dd052e142d Extracting [==============================================>    ]  48.76MB/52.33MB
 b83ce1c86227 Downloading [>                                                  ]   75.6kB/7.241MB
 eb77aa907276 Downloading [==========>                                        ]    197MB/907.7MB
 1196a886e941 Downloading [==================>                                ]  5.793MB/15.35MB
 b83ce1c86227 Verifying Checksum 
 b83ce1c86227 Download complete 
 b83ce1c86227 Extracting [>                                                  ]   98.3kB/7.241MB
 84a2afebaf4d Extracting [========================================>          ]     23MB/28.24MB
 eb77aa907276 Downloading [===========>                                       ]  203.9MB/907.7MB
 1196a886e941 Downloading [=====================>                             ]  6.608MB/15.35MB
 f94d28849fa3 Downloading [>                                                  ]   17.1kB/1.637MB
 b83ce1c86227 Extracting [============>                                      ]  1.868MB/7.241MB
 f94d28849fa3 Download complete 
 eb77aa907276 Downloading [===========>                                       ]  208.8MB/907.7MB
 1196a886e941 Downloading [============================>                      ]   8.84MB/15.35MB
 81260b173076 Downloading [>                                                  ]  2.086kB/122.7kB
 81260b173076 Verifying Checksum 
 81260b173076 Download complete 
 eb77aa907276 Downloading [===========>                                       ]  210.4MB/907.7MB
 f9c0805c25ee Downloading [>                                                  ]  404.6kB/39.45MB
 b83ce1c86227 Extracting [==============>                                    ]  2.163MB/7.241MB
 1196a886e941 Downloading [====================================>              ]  11.25MB/15.35MB
 eb77aa907276 Downloading [===========>                                       ]  215.1MB/907.7MB
 f9c0805c25ee Downloading [========================>                          ]   19.4MB/39.45MB
 b83ce1c86227 Extracting [===================================>               ]  5.112MB/7.241MB
 84a2afebaf4d Extracting [==========================================>        ]  23.89MB/28.24MB
 1196a886e941 Downloading [=================================================> ]  15.11MB/15.35MB
 1196a886e941 Download complete 
 eb77aa907276 Downloading [============>                                      ]  224.8MB/907.7MB
 f9c0805c25ee Downloading [==========================================>        ]  33.53MB/39.45MB
 1008deaf6ec4 Downloading [>                                                  ]  113.7kB/11.19MB
 f9c0805c25ee Verifying Checksum 
 f9c0805c25ee Download complete 
 84a2afebaf4d Extracting [=============================================>     ]  25.95MB/28.24MB
 b83ce1c86227 Extracting [============================================>      ]  6.488MB/7.241MB
 f9dd052e142d Extracting [=================================================> ]  51.38MB/52.33MB
 1008deaf6ec4 Download complete 
 eb77aa907276 Downloading [============>                                      ]    228MB/907.7MB
 b83ce1c86227 Extracting [==================================================>]  7.241MB/7.241MB
 71e9fc939447 Downloading [>                                                  ]  24.58kB/2.402MB
 71e9fc939447 Downloading [==================================================>]  2.402MB/2.402MB
 71e9fc939447 Verifying Checksum 
 71e9fc939447 Download complete 
 b83ce1c86227 Pull complete 
 c1bc68842c41 Downloading [>                                                  ]  2.013kB/180.3kB
 f94d28849fa3 Extracting [=>                                                 ]  32.77kB/1.637MB
 c1bc68842c41 Download complete 
 eb77aa907276 Downloading [============>                                      ]  235.4MB/907.7MB
 0288b5a0d7e7 Downloading [===>                                               ]     719B/11.88kB
 0288b5a0d7e7 Downloading [==================================================>]  11.88kB/11.88kB
 0288b5a0d7e7 Verifying Checksum 
 0288b5a0d7e7 Download complete 
 34013573f278 Downloading [==================================================>]     496B/496B
 34013573f278 Verifying Checksum 
 34013573f278 Download complete 
 eb77aa907276 Downloading [=============>                                     ]  241.8MB/907.7MB
 84a2afebaf4d Extracting [===============================================>   ]  26.84MB/28.24MB
 f94d28849fa3 Extracting [=======>                                           ]  229.4kB/1.637MB
 f9dd052e142d Extracting [=================================================> ]   51.9MB/52.33MB
 f9dd052e142d Extracting [==================================================>]  52.33MB/52.33MB
 f94d28849fa3 Extracting [==================================================>]  1.637MB/1.637MB
 eb77aa907276 Downloading [=============>                                     ]  253.6MB/907.7MB
 eb77aa907276 Downloading [==============>                                    ]  261.1MB/907.7MB
 eb77aa907276 Downloading [==============>                                    ]  265.8MB/907.7MB
 f9dd052e142d Pull complete 
 e8c6d4883897 Extracting [>                                                  ]  65.54kB/4.398MB
 eb77aa907276 Downloading [==============>                                    ]  271.7MB/907.7MB
 eb77aa907276 Downloading [===============>                                   ]  282.9MB/907.7MB
 e8c6d4883897 Extracting [==>                                                ]  262.1kB/4.398MB
 84a2afebaf4d Extracting [================================================>  ]  27.43MB/28.24MB
 eb77aa907276 Downloading [===============>                                   ]  289.3MB/907.7MB
 e8c6d4883897 Extracting [========>                                          ]  720.9kB/4.398MB
 84a2afebaf4d Extracting [=================================================> ]  27.72MB/28.24MB
 eb77aa907276 Downloading [================>                                  ]  298.4MB/907.7MB
 eb77aa907276 Downloading [================>                                  ]  306.9MB/907.7MB
 e8c6d4883897 Extracting [==================>                                ]  1.638MB/4.398MB
 eb77aa907276 Downloading [=================>                                 ]  311.7MB/907.7MB
 84a2afebaf4d Extracting [==================================================>]  28.24MB/28.24MB
 e8c6d4883897 Extracting [=====================>                             ]  1.901MB/4.398MB
 eb77aa907276 Downloading [=================>                                 ]  323.4MB/907.7MB
 84a2afebaf4d Pull complete 
 68bef8a2321a Extracting [==================================================>]  1.102kB/1.102kB
 68bef8a2321a Extracting [==================================================>]  1.102kB/1.102kB
 e8c6d4883897 Extracting [========================>                          ]  2.163MB/4.398MB
 eb77aa907276 Downloading [==================>                                ]  327.2MB/907.7MB
 e8c6d4883897 Extracting [==========================>                        ]  2.359MB/4.398MB
 eb77aa907276 Downloading [==================>                                ]    332MB/907.7MB
 e8c6d4883897 Extracting [============================>                      ]   2.49MB/4.398MB
 eb77aa907276 Downloading [==================>                                ]  337.9MB/907.7MB
 e8c6d4883897 Extracting [=============================>                     ]  2.556MB/4.398MB
 eb77aa907276 Downloading [===================>                               ]  347.4MB/907.7MB
 e8c6d4883897 Extracting [================================>                  ]  2.884MB/4.398MB
 eb77aa907276 Downloading [===================>                               ]  353.3MB/907.7MB
 eb77aa907276 Downloading [===================>                               ]  362.9MB/907.7MB
 e8c6d4883897 Extracting [=====================================>             ]  3.342MB/4.398MB
 eb77aa907276 Downloading [====================>                              ]  368.3MB/907.7MB
 e8c6d4883897 Extracting [========================================>          ]  3.604MB/4.398MB
 e8c6d4883897 Extracting [==================================================>]  4.398MB/4.398MB
 eb77aa907276 Downloading [====================>                              ]  374.7MB/907.7MB
 eb77aa907276 Downloading [====================>                              ]  376.3MB/907.7MB
 eb77aa907276 Downloading [=====================>                             ]  390.7MB/907.7MB
 eb77aa907276 Downloading [======================>                            ]  400.3MB/907.7MB
 eb77aa907276 Downloading [======================>                            ]  407.8MB/907.7MB
 eb77aa907276 Downloading [======================>                            ]  412.6MB/907.7MB
 eb77aa907276 Downloading [=======================>                           ]  419.6MB/907.7MB
 eb77aa907276 Downloading [=======================>                           ]  430.8MB/907.7MB
 dda3d8fbd5ed Pull complete 
 68bef8a2321a Pull complete 
 e8c6d4883897 Pull complete 
 f94d28849fa3 Pull complete 
 283a477db7bb Extracting [>                                                  ]  65.54kB/4.533MB
 dc35057c3d27 Extracting [==================================================>]     875B/875B
 dc35057c3d27 Extracting [==================================================>]     875B/875B
 81260b173076 Extracting [=============>                                     ]  32.77kB/122.7kB
 648eb81b3252 Extracting [==================================================>]  1.561kB/1.561kB
 648eb81b3252 Extracting [==================================================>]  1.561kB/1.561kB
 81260b173076 Extracting [==================================================>]  122.7kB/122.7kB
 81260b173076 Extracting [==================================================>]  122.7kB/122.7kB
 81260b173076 Pull complete 
 dc35057c3d27 Pull complete 
 762d5b1c0ef7 Extracting [=>                                                 ]  32.77kB/1.438MB
 f9c0805c25ee Extracting [>                                                  ]    426kB/39.45MB
 648eb81b3252 Pull complete 
 eb77aa907276 Downloading [=======================>                           ]  434.5MB/907.7MB
 283a477db7bb Extracting [==========================>                        ]  2.425MB/4.533MB
 762d5b1c0ef7 Extracting [==================================================>]  1.438MB/1.438MB
 762d5b1c0ef7 Extracting [==================================================>]  1.438MB/1.438MB
 762d5b1c0ef7 Pull complete 
 1196a886e941 Extracting [>                                                  ]  163.8kB/15.35MB
 f9c0805c25ee Extracting [=======>                                           ]  5.538MB/39.45MB
 283a477db7bb Extracting [==================================================>]  4.533MB/4.533MB
 eb77aa907276 Downloading [========================>                          ]  440.4MB/907.7MB
 1196a886e941 Extracting [================>                                  ]  5.079MB/15.35MB
 f9c0805c25ee Extracting [============>                                      ]  10.22MB/39.45MB
 283a477db7bb Pull complete 
 91d2729fa4d5 Extracting [=>                                                 ]  32.77kB/1.45MB
 eb77aa907276 Downloading [========================>                          ]  447.3MB/907.7MB
 91d2729fa4d5 Extracting [==================================================>]   1.45MB/1.45MB
 1196a886e941 Extracting [================================>                  ]   9.83MB/15.35MB
 91d2729fa4d5 Pull complete 
 9739ced65621 Extracting [>                                                  ]   98.3kB/8.069MB
 f9c0805c25ee Extracting [==================>                                ]  14.91MB/39.45MB
 eb77aa907276 Downloading [========================>                          ]    450MB/907.7MB
 1196a886e941 Extracting [=================================================> ]  15.07MB/15.35MB
 1196a886e941 Extracting [==================================================>]  15.35MB/15.35MB
 9739ced65621 Extracting [==================>                                ]  2.949MB/8.069MB
 f9c0805c25ee Extracting [==========================>                        ]   21.3MB/39.45MB
 1196a886e941 Pull complete 
 96afa962f1ac Extracting [==================================================>]      96B/96B
 96afa962f1ac Extracting [==================================================>]      96B/96B
 eb77aa907276 Downloading [=========================>                         ]  454.3MB/907.7MB
 96afa962f1ac Pull complete 
 4f4fb700ef54 Extracting [==================================================>]      32B/32B
 4f4fb700ef54 Extracting [==================================================>]      32B/32B
 4f4fb700ef54 Pull complete 
 6475cc3afbe1 Extracting [==================================================>]     573B/573B
 6475cc3afbe1 Extracting [==================================================>]     573B/573B
 6475cc3afbe1 Pull complete 
 redis Pulled 
 9739ced65621 Extracting [==========================>                        ]  4.227MB/8.069MB
 f9c0805c25ee Extracting [====================================>              ]  28.97MB/39.45MB
 eb77aa907276 Downloading [=========================>                         ]  462.8MB/907.7MB
 9739ced65621 Extracting [===================================>               ]    5.8MB/8.069MB
 f9c0805c25ee Extracting [===========================================>       ]   34.5MB/39.45MB
 eb77aa907276 Downloading [==========================>                        ]    474MB/907.7MB
 f9c0805c25ee Extracting [==================================================>]  39.45MB/39.45MB
 9739ced65621 Extracting [=============================================>     ]  7.373MB/8.069MB
 eb77aa907276 Downloading [==========================>                        ]    481MB/907.7MB
 9739ced65621 Extracting [==================================================>]  8.069MB/8.069MB
 f9c0805c25ee Pull complete 
 1008deaf6ec4 Extracting [>                                                  ]  131.1kB/11.19MB
 9739ced65621 Pull complete 
 ae3bb1b347a4 Extracting [=>                                                 ]  32.77kB/1.196MB
 ae3bb1b347a4 Extracting [==================================================>]  1.196MB/1.196MB
 ae3bb1b347a4 Extracting [==================================================>]  1.196MB/1.196MB
 eb77aa907276 Downloading [===========================>                       ]  491.7MB/907.7MB
 1008deaf6ec4 Extracting [============================>                      ]  6.291MB/11.19MB
 ae3bb1b347a4 Pull complete 
 f8406d9c00ea Extracting [==================================================>]     116B/116B
 f8406d9c00ea Extracting [==================================================>]     116B/116B
 f8406d9c00ea Pull complete 
 c199bff16b05 Extracting [==================================================>]  3.145kB/3.145kB
 c199bff16b05 Extracting [==================================================>]  3.145kB/3.145kB
 c199bff16b05 Pull complete 
 1008deaf6ec4 Extracting [==================================================>]  11.19MB/11.19MB
 eb77aa907276 Downloading [===========================>                       ]    497MB/907.7MB
 1008deaf6ec4 Pull complete 
 71e9fc939447 Extracting [>                                                  ]  32.77kB/2.402MB
 71e9fc939447 Extracting [==================================================>]  2.402MB/2.402MB
 71e9fc939447 Pull complete 
 c1bc68842c41 Extracting [=========>                                         ]  32.77kB/180.3kB
 e0d55fdb4d15 Extracting [>                                                  ]  557.1kB/109MB
 c1bc68842c41 Extracting [==================================================>]  180.3kB/180.3kB
 c1bc68842c41 Extracting [==================================================>]  180.3kB/180.3kB
 c1bc68842c41 Pull complete 
 0288b5a0d7e7 Extracting [==================================================>]  11.88kB/11.88kB
 0288b5a0d7e7 Extracting [==================================================>]  11.88kB/11.88kB
 0288b5a0d7e7 Pull complete 
 34013573f278 Extracting [==================================================>]     496B/496B
 34013573f278 Extracting [==================================================>]     496B/496B
 34013573f278 Pull complete 
 minio Pulled 
 eb77aa907276 Downloading [===========================>                       ]  502.3MB/907.7MB
 e0d55fdb4d15 Extracting [===>                                               ]  6.685MB/109MB
 eb77aa907276 Downloading [============================>                      ]  508.8MB/907.7MB
 e0d55fdb4d15 Extracting [====>                                              ]   9.47MB/109MB
 eb77aa907276 Downloading [============================>                      ]  515.2MB/907.7MB
 e0d55fdb4d15 Extracting [======>                                            ]  13.93MB/109MB
 eb77aa907276 Downloading [============================>                      ]  526.4MB/907.7MB
 e0d55fdb4d15 Extracting [========>                                          ]  18.38MB/109MB
 eb77aa907276 Downloading [=============================>                     ]  536.5MB/907.7MB
 e0d55fdb4d15 Extracting [==========>                                        ]  23.95MB/109MB
 eb77aa907276 Downloading [==============================>                    ]  545.1MB/907.7MB
 e0d55fdb4d15 Extracting [==============>                                    ]   31.2MB/109MB
 eb77aa907276 Downloading [==============================>                    ]    552MB/907.7MB
 e0d55fdb4d15 Extracting [==================>                                ]  39.55MB/109MB
 eb77aa907276 Downloading [==============================>                    ]  561.7MB/907.7MB
 e0d55fdb4d15 Extracting [======================>                            ]  48.46MB/109MB
 eb77aa907276 Downloading [===============================>                   ]  564.9MB/907.7MB
 e0d55fdb4d15 Extracting [========================>                          ]  53.48MB/109MB
 e0d55fdb4d15 Extracting [===========================>                       ]  59.05MB/109MB
 eb77aa907276 Downloading [===============================>                   ]  571.8MB/907.7MB
 e0d55fdb4d15 Extracting [===============================>                   ]  67.96MB/109MB
 eb77aa907276 Downloading [===============================>                   ]    575MB/907.7MB
 e0d55fdb4d15 Extracting [===================================>               ]  77.43MB/109MB
 eb77aa907276 Downloading [===============================>                   ]  578.8MB/907.7MB
 e0d55fdb4d15 Extracting [=======================================>           ]  86.34MB/109MB
 eb77aa907276 Downloading [================================>                  ]  588.4MB/907.7MB
 e0d55fdb4d15 Extracting [==========================================>        ]  92.47MB/109MB
 eb77aa907276 Downloading [================================>                  ]  592.7MB/907.7MB
 e0d55fdb4d15 Extracting [============================================>      ]  96.37MB/109MB
 eb77aa907276 Downloading [================================>                  ]  598.6MB/907.7MB
 e0d55fdb4d15 Extracting [=============================================>     ]   98.6MB/109MB
 eb77aa907276 Downloading [=================================>                 ]  603.9MB/907.7MB
 e0d55fdb4d15 Extracting [==============================================>    ]  101.9MB/109MB
 eb77aa907276 Downloading [=================================>                 ]  606.5MB/907.7MB
 e0d55fdb4d15 Extracting [===============================================>   ]  104.2MB/109MB
 eb77aa907276 Downloading [=================================>                 ]  610.8MB/907.7MB
 e0d55fdb4d15 Extracting [================================================>  ]  105.8MB/109MB
 eb77aa907276 Downloading [==================================>                ]  619.3MB/907.7MB
 eb77aa907276 Downloading [==================================>                ]  626.8MB/907.7MB
 e0d55fdb4d15 Extracting [=================================================> ]  107.5MB/109MB
 eb77aa907276 Downloading [==================================>                ]  635.3MB/907.7MB
 e0d55fdb4d15 Extracting [==================================================>]    109MB/109MB
 eb77aa907276 Downloading [===================================>               ]  644.4MB/907.7MB
 eb77aa907276 Downloading [====================================>              ]  658.9MB/907.7MB
 eb77aa907276 Downloading [====================================>              ]  670.1MB/907.7MB
 eb77aa907276 Downloading [=====================================>             ]  675.4MB/907.7MB
 eb77aa907276 Downloading [=====================================>             ]  684.5MB/907.7MB
 eb77aa907276 Downloading [=====================================>             ]  688.2MB/907.7MB
 eb77aa907276 Downloading [======================================>            ]  695.2MB/907.7MB
 eb77aa907276 Downloading [======================================>            ]  704.8MB/907.7MB
 eb77aa907276 Downloading [=======================================>           ]  713.3MB/907.7MB
 eb77aa907276 Downloading [=======================================>           ]  720.8MB/907.7MB
 e0d55fdb4d15 Pull complete 
 c1cb13b19080 Extracting [==================================================>]  9.925kB/9.925kB
 c1cb13b19080 Extracting [==================================================>]  9.925kB/9.925kB
 eb77aa907276 Downloading [========================================>          ]  730.4MB/907.7MB
 c1cb13b19080 Pull complete 
 873532e5f8c7 Extracting [==================================================>]     128B/128B
 873532e5f8c7 Extracting [==================================================>]     128B/128B
 873532e5f8c7 Pull complete 
 050d9f8c3b1c Extracting [==================================================>]     169B/169B
 050d9f8c3b1c Extracting [==================================================>]     169B/169B
 050d9f8c3b1c Pull complete 
 710e142705f8 Extracting [==================================================>]  5.421kB/5.421kB
 710e142705f8 Extracting [==================================================>]  5.421kB/5.421kB
 710e142705f8 Pull complete 
 cb628c265f09 Extracting [==================================================>]     184B/184B
 cb628c265f09 Extracting [==================================================>]     184B/184B
 cb628c265f09 Pull complete 
 postgresql Pulled 
 eb77aa907276 Downloading [========================================>          ]  734.7MB/907.7MB
 eb77aa907276 Downloading [========================================>          ]  737.4MB/907.7MB
 eb77aa907276 Downloading [========================================>          ]  743.8MB/907.7MB
 eb77aa907276 Downloading [=========================================>         ]  749.7MB/907.7MB
 eb77aa907276 Downloading [=========================================>         ]  756.1MB/907.7MB
 eb77aa907276 Downloading [=========================================>         ]  761.4MB/907.7MB
 eb77aa907276 Downloading [==========================================>        ]  771.6MB/907.7MB
 eb77aa907276 Downloading [==========================================>        ]  779.1MB/907.7MB
 eb77aa907276 Downloading [===========================================>       ]  787.6MB/907.7MB
 eb77aa907276 Downloading [===========================================>       ]  797.2MB/907.7MB
 eb77aa907276 Downloading [============================================>      ]  807.9MB/907.7MB
 eb77aa907276 Downloading [=============================================>     ]  820.2MB/907.7MB
 eb77aa907276 Downloading [=============================================>     ]    825MB/907.7MB
 eb77aa907276 Downloading [==============================================>    ]  835.1MB/907.7MB
 eb77aa907276 Downloading [==============================================>    ]  845.8MB/907.7MB
 eb77aa907276 Downloading [===============================================>   ]  857.5MB/907.7MB
 eb77aa907276 Downloading [===============================================>   ]  867.7MB/907.7MB
 eb77aa907276 Downloading [================================================>  ]  877.8MB/907.7MB
 eb77aa907276 Downloading [================================================>  ]  887.4MB/907.7MB
 eb77aa907276 Downloading [=================================================> ]  894.9MB/907.7MB
 eb77aa907276 Downloading [=================================================> ]  902.9MB/907.7MB
 eb77aa907276 Verifying Checksum 
 eb77aa907276 Download complete 
 eb77aa907276 Extracting [>                                                  ]  557.1kB/907.7MB
 eb77aa907276 Extracting [=>                                                 ]   23.4MB/907.7MB
 eb77aa907276 Extracting [==>                                                ]  45.68MB/907.7MB
 eb77aa907276 Extracting [===>                                               ]  69.07MB/907.7MB
 eb77aa907276 Extracting [====>                                              ]  81.89MB/907.7MB
 eb77aa907276 Extracting [=====>                                             ]  94.14MB/907.7MB
 eb77aa907276 Extracting [=====>                                             ]  102.5MB/907.7MB
 eb77aa907276 Extracting [======>                                            ]  111.4MB/907.7MB
 eb77aa907276 Extracting [======>                                            ]  119.8MB/907.7MB
 eb77aa907276 Extracting [=======>                                           ]  128.1MB/907.7MB
 eb77aa907276 Extracting [=======>                                           ]  136.5MB/907.7MB
 eb77aa907276 Extracting [=======>                                           ]  143.7MB/907.7MB
 eb77aa907276 Extracting [========>                                          ]  151.5MB/907.7MB
 eb77aa907276 Extracting [========>                                          ]  159.3MB/907.7MB
 eb77aa907276 Extracting [=========>                                         ]    181MB/907.7MB
 eb77aa907276 Extracting [===========>                                       ]  202.8MB/907.7MB
 eb77aa907276 Extracting [===========>                                       ]  215.6MB/907.7MB
 eb77aa907276 Extracting [============>                                      ]  227.3MB/907.7MB
 eb77aa907276 Extracting [=============>                                     ]  236.7MB/907.7MB
 eb77aa907276 Extracting [=============>                                     ]  248.4MB/907.7MB
 eb77aa907276 Extracting [==============>                                    ]  266.3MB/907.7MB
 eb77aa907276 Extracting [===============>                                   ]    288MB/907.7MB
 eb77aa907276 Extracting [=================>                                 ]  311.4MB/907.7MB
 eb77aa907276 Extracting [==================>                                ]  332.6MB/907.7MB
 eb77aa907276 Extracting [===================>                               ]  353.2MB/907.7MB
 eb77aa907276 Extracting [====================>                              ]  363.8MB/907.7MB
 eb77aa907276 Extracting [====================>                              ]    371MB/907.7MB
 eb77aa907276 Extracting [=====================>                             ]  385.5MB/907.7MB
 eb77aa907276 Extracting [======================>                            ]  405.5MB/907.7MB
 eb77aa907276 Extracting [=======================>                           ]  431.2MB/907.7MB
 eb77aa907276 Extracting [=========================>                         ]    459MB/907.7MB
 eb77aa907276 Extracting [==========================>                        ]  486.3MB/907.7MB
 eb77aa907276 Extracting [============================>                      ]    513MB/907.7MB
 eb77aa907276 Extracting [=============================>                     ]  540.3MB/907.7MB
 eb77aa907276 Extracting [===============================>                   ]  568.8MB/907.7MB
 eb77aa907276 Extracting [================================>                  ]  594.4MB/907.7MB
 eb77aa907276 Extracting [==================================>                ]  619.4MB/907.7MB
 eb77aa907276 Extracting [===================================>               ]  646.7MB/907.7MB
 eb77aa907276 Extracting [=====================================>             ]    674MB/907.7MB
 eb77aa907276 Extracting [======================================>            ]  701.3MB/907.7MB
 eb77aa907276 Extracting [=======================================>           ]  725.8MB/907.7MB
 eb77aa907276 Extracting [=========================================>         ]  748.7MB/907.7MB
 eb77aa907276 Extracting [==========================================>        ]  770.4MB/907.7MB
 eb77aa907276 Extracting [===========================================>       ]    791MB/907.7MB
 eb77aa907276 Extracting [============================================>      ]  812.2MB/907.7MB
 eb77aa907276 Extracting [=============================================>     ]  832.8MB/907.7MB
 eb77aa907276 Extracting [===============================================>   ]  853.4MB/907.7MB
 eb77aa907276 Extracting [================================================>  ]    874MB/907.7MB
 eb77aa907276 Extracting [=================================================> ]  896.3MB/907.7MB
 eb77aa907276 Extracting [==================================================>]  907.7MB/907.7MB
 eb77aa907276 Pull complete 
 4f4fb700ef54 Extracting [==================================================>]      32B/32B
 4f4fb700ef54 Extracting [==================================================>]      32B/32B
 4f4fb700ef54 Pull complete 
 0ffa8f8aba1e Extracting [==================================================>]     226B/226B
 0ffa8f8aba1e Extracting [==================================================>]     226B/226B
 0ffa8f8aba1e Pull complete 
 2e81b9cb93cd Extracting [==================================================>]  1.859kB/1.859kB
 2e81b9cb93cd Extracting [==================================================>]  1.859kB/1.859kB
 2e81b9cb93cd Pull complete 
 opensearch Pulled 
 Network docker_services_cli_default  Creating
 Network docker_services_cli_default  Created
 Container docker_services_cli-opensearch-1  Creating
 Container docker_services_cli-minio-1  Creating
 Container docker_services_cli-redis-1  Creating
 Container docker_services_cli-postgresql-1  Creating
 Container docker_services_cli-redis-1  Created
 Container docker_services_cli-postgresql-1  Created
 Container docker_services_cli-minio-1  Created
 Container docker_services_cli-opensearch-1  Created
 Container docker_services_cli-opensearch-1  Starting
 Container docker_services_cli-redis-1  Starting
 Container docker_services_cli-postgresql-1  Starting
 Container docker_services_cli-minio-1  Starting
 Container docker_services_cli-postgresql-1  Started
 Container docker_services_cli-redis-1  Started
 Container docker_services_cli-opensearch-1  Started
 Container docker_services_cli-minio-1  Started
::warning file=/home/runner/work/invenio-testrig/invenio-testrig/workdir/tests/invenio-records-resources/patched/.venv/lib/python3.14/site-packages/edtf/parser/grammar.py,line=9::'enablePackrat' deprecated - use 'enable_packrat'
::warning file=/home/runner/work/invenio-testrig/invenio-testrig/workdir/tests/invenio-records-resources/patched/.venv/lib/python3.14/site-packages/edtf/parser/grammar.py,line=52::'oneOf' deprecated - use 'one_of'
::warning file=/home/runner/work/invenio-testrig/invenio-testrig/workdir/tests/invenio-records-resources/patched/.venv/lib/python3.14/site-packages/edtf/parser/grammar.py,line=53::'oneOf' deprecated - use 'one_of'
::warning file=/home/runner/work/invenio-testrig/invenio-testrig/workdir/tests/invenio-records-resources/patched/.venv/lib/python3.14/site-packages/edtf/parser/grammar.py,line=54::'oneOf' deprecated - use 'one_of'
::warning file=/home/runner/work/invenio-testrig/invenio-testrig/workdir/tests/invenio-records-resources/patched/.venv/lib/python3.14/site-packages/edtf/parser/grammar.py,line=55::'oneOf' deprecated - use 'one_of'
::warning file=/home/runner/work/invenio-testrig/invenio-testrig/workdir/tests/invenio-records-resources/patched/.venv/lib/python3.14/site-packages/edtf/parser/grammar.py,line=56::'oneOf' deprecated - use 'one_of'
::warning file=/home/runner/work/invenio-testrig/invenio-testrig/workdir/tests/invenio-records-resources/patched/.venv/lib/python3.14/site-packages/edtf/parser/grammar.py,line=57::'oneOf' deprecated - use 'one_of'
::warning file=/home/runner/work/invenio-testrig/invenio-testrig/workdir/tests/invenio-records-resources/patched/.venv/lib/python3.14/site-packages/edtf/parser/grammar.py,line=58::'oneOf' deprecated - use 'one_of'
::warning file=/home/runner/work/invenio-testrig/invenio-testrig/workdir/tests/invenio-records-resources/patched/.venv/lib/python3.14/site-packages/edtf/parser/grammar.py,line=59::'oneOf' deprecated - use 'one_of'
::warning file=/home/runner/work/invenio-testrig/invenio-testrig/workdir/tests/invenio-records-resources/patched/.venv/lib/python3.14/site-packages/edtf/parser/grammar.py,line=60::'oneOf' deprecated - use 'one_of'
::warning file=/home/runner/work/invenio-testrig/invenio-testrig/workdir/tests/invenio-records-resources/patched/.venv/lib/python3.14/site-packages/edtf/parser/grammar.py,line=63::'excludeChars' argument is deprecated, use 'exclude_chars'
::warning file=/home/runner/work/invenio-testrig/invenio-testrig/workdir/tests/invenio-records-resources/patched/.venv/lib/python3.14/site-packages/edtf/parser/grammar.py,line=73::'oneOf' deprecated - use 'one_of'
::warning file=/home/runner/work/invenio-testrig/invenio-testrig/workdir/tests/invenio-records-resources/patched/.venv/lib/python3.14/site-packages/edtf/parser/grammar.py,line=74::'oneOf' deprecated - use 'one_of'
::warning file=/home/runner/work/invenio-testrig/invenio-testrig/workdir/tests/invenio-records-resources/patched/.venv/lib/python3.14/site-packages/edtf/parser/parser_classes.py,line=103::'addParseAction' deprecated - use 'add_parse_action'
::warning file=/home/runner/work/invenio-testrig/invenio-testrig/workdir/tests/invenio-records-resources/patched/.venv/lib/python3.14/site-packages/edtf/parser/parser_classes.py,line=103::'addParseAction' deprecated - use 'add_parse_action'
::warning file=/home/runner/work/invenio-testrig/invenio-testrig/workdir/tests/invenio-records-resources/patched/.venv/lib/python3.14/site-packages/edtf/parser/parser_classes.py,line=103::'addParseAction' deprecated - use 'add_parse_action'
::warning file=/home/runner/work/invenio-testrig/invenio-testrig/workdir/tests/invenio-records-resources/patched/.venv/lib/python3.14/site-packages/edtf/parser/grammar.py,line=119::'oneOf' deprecated - use 'one_of'
::warning file=/home/runner/work/invenio-testrig/invenio-testrig/workdir/tests/invenio-records-resources/patched/.venv/lib/python3.14/site-packages/edtf/parser/parser_classes.py,line=103::'addParseAction' deprecated - use 'add_parse_action'
::warning file=/home/runner/work/invenio-testrig/invenio-testrig/workdir/tests/invenio-records-resources/patched/.venv/lib/python3.14/site-packages/edtf/parser/grammar.py,line=122::'oneOf' deprecated - use 'one_of'
::warning file=/home/runner/work/invenio-testrig/invenio-testrig/workdir/tests/invenio-records-resources/patched/.venv/lib/python3.14/site-packages/edtf/parser/parser_classes.py,line=103::'addParseAction' deprecated - use 'add_parse_action'
::warning file=/home/runner/work/invenio-testrig/invenio-testrig/workdir/tests/invenio-records-resources/patched/.venv/lib/python3.14/site-packages/edtf/parser/parser_classes.py,line=103::'addParseAction' deprecated - use 'add_parse_action'
::warning file=/home/runner/work/invenio-testrig/invenio-testrig/workdir/tests/invenio-records-resources/patched/.venv/lib/python3.14/site-packages/edtf/parser/grammar.py,line=155::'addParseAction' deprecated - use 'add_parse_action'
::warning file=/home/runner/work/invenio-testrig/invenio-testrig/workdir/tests/invenio-records-resources/patched/.venv/lib/python3.14/site-packages/edtf/parser/grammar.py,line=157::'addParseAction' deprecated - use 'add_parse_action'
::warning file=/home/runner/work/invenio-testrig/invenio-testrig/workdir/tests/invenio-records-resources/patched/.venv/lib/python3.14/site-packages/edtf/parser/parser_classes.py,line=103::'addParseAction' deprecated - use 'add_parse_action'
::warning file=/home/runner/work/invenio-testrig/invenio-testrig/workdir/tests/invenio-records-resources/patched/.venv/lib/python3.14/site-packages/edtf/parser/parser_classes.py,line=103::'addParseAction' deprecated - use 'add_parse_action'
::warning file=/home/runner/work/invenio-testrig/invenio-testrig/workdir/tests/invenio-records-resources/patched/.venv/lib/python3.14/site-packages/edtf/parser/parser_classes.py,line=103::'addParseAction' deprecated - use 'add_parse_action'
::warning file=/home/runner/work/invenio-testrig/invenio-testrig/workdir/tests/invenio-records-resources/patched/.venv/lib/python3.14/site-packages/edtf/parser/grammar.py,line=199::'oneOf' deprecated - use 'one_of'
::warning file=/home/runner/work/invenio-testrig/invenio-testrig/workdir/tests/invenio-records-resources/patched/.venv/lib/python3.14/site-packages/edtf/parser/parser_classes.py,line=103::'addParseAction' deprecated - use 'add_parse_action'
::warning file=/home/runner/work/invenio-testrig/invenio-testrig/workdir/tests/invenio-records-resources/patched/.venv/lib/python3.14/site-packages/edtf/parser/parser_classes.py,line=103::'addParseAction' deprecated - use 'add_parse_action'
::warning file=/home/runner/work/invenio-testrig/invenio-testrig/workdir/tests/invenio-records-resources/patched/.venv/lib/python3.14/site-packages/edtf/parser/parser_classes.py,line=103::'addParseAction' deprecated - use 'add_parse_action'
::warning file=/home/runner/work/invenio-testrig/invenio-testrig/workdir/tests/invenio-records-resources/patched/.venv/lib/python3.14/site-packages/edtf/parser/parser_classes.py,line=103::'addParseAction' deprecated - use 'add_parse_action'
::warning file=/home/runner/work/invenio-testrig/invenio-testrig/workdir/tests/invenio-records-resources/patched/.venv/lib/python3.14/site-packages/edtf/parser/parser_classes.py,line=103::'addParseAction' deprecated - use 'add_parse_action'
::warning file=/home/runner/work/invenio-testrig/invenio-testrig/workdir/tests/invenio-records-resources/patched/.venv/lib/python3.14/site-packages/edtf/parser/grammar.py,line=303::'addParseAction' deprecated - use 'add_parse_action'
::warning file=/home/runner/work/invenio-testrig/invenio-testrig/workdir/tests/invenio-records-resources/patched/.venv/lib/python3.14/site-packages/edtf/parser/grammar.py,line=303::'addParseAction' deprecated - use 'add_parse_action'
::warning file=/home/runner/work/invenio-testrig/invenio-testrig/workdir/tests/invenio-records-resources/patched/.venv/lib/python3.14/site-packages/edtf/parser/grammar.py,line=304::'addParseAction' deprecated - use 'add_parse_action'
::warning file=/home/runner/work/invenio-testrig/invenio-testrig/workdir/tests/invenio-records-resources/patched/.venv/lib/python3.14/site-packages/edtf/parser/grammar.py,line=304::'addParseAction' deprecated - use 'add_parse_action'
::warning file=/home/runner/work/invenio-testrig/invenio-testrig/workdir/tests/invenio-records-resources/patched/.venv/lib/python3.14/site-packages/edtf/parser/parser_classes.py,line=103::'addParseAction' deprecated - use 'add_parse_action'
::warning file=/home/runner/work/invenio-testrig/invenio-testrig/workdir/tests/invenio-records-resources/patched/.venv/lib/python3.14/site-packages/edtf/parser/parser_classes.py,line=103::'addParseAction' deprecated - use 'add_parse_action'
::warning file=/home/runner/work/invenio-testrig/invenio-testrig/workdir/tests/invenio-records-resources/patched/.venv/lib/python3.14/site-packages/edtf/parser/parser_classes.py,line=103::'addParseAction' deprecated - use 'add_parse_action'
::warning file=/home/runner/work/invenio-testrig/invenio-testrig/workdir/tests/invenio-records-resources/patched/.venv/lib/python3.14/site-packages/edtf/parser/parser_classes.py,line=103::'addParseAction' deprecated - use 'add_parse_action'
::warning file=/home/runner/work/invenio-testrig/invenio-testrig/workdir/tests/invenio-records-resources/patched/.venv/lib/python3.14/site-packages/edtf/parser/grammar.py,line=325::'oneOf' deprecated - use 'one_of'
::warning file=/home/runner/work/invenio-testrig/invenio-testrig/workdir/tests/invenio-records-resources/patched/.venv/lib/python3.14/site-packages/edtf/parser/parser_classes.py,line=103::'addParseAction' deprecated - use 'add_parse_action'
============================= test session starts ==============================
platform linux -- Python 3.14.2, pytest-8.4.2, pluggy-1.6.0
rootdir: /home/runner/work/invenio-testrig/invenio-testrig/workdir/tests/invenio-records-resources/patched
configfile: setup.cfg
testpaths: docs, tests, invenio_records_resources
plugins: mock-3.15.1, invenio-4.0.0, isort-4.0.0, flask-1.3.0, github-actions-annotate-failures-0.3.0, pydocstyle-2.4.0, cov-7.0.0, black-0.6.0, pycodestyle-2.5.0
collected 259 items

tests/factories/test_factory.py ...::warning file=/home/runner/work/invenio-testrig/invenio-testrig/workdir/tests/invenio-records-resources/patched/.venv/lib/python3.14/site-packages/flask_sqlalchemy/model.py,line=144::This declarative base already contains a class with the same class name and module name as invenio_records_resources.factories.factory.MyRecordMetadata, and will be replaced in the string-lookup table.
.......                               [  3%]
tests/factories/test_service.py .                                        [  4%]
tests/records/test_api.py .::warning file=/home/runner/work/invenio-testrig/invenio-testrig/workdir/tests/invenio-records-resources/patched/.venv/lib/python3.14/site-packages/invenio_rest/ext.py,line=29::CSRF validation will be enabled by default in the version 1.3.x
...                                           [  5%]
tests/records/test_dumpers.py .::warning file=/home/runner/work/invenio-testrig/invenio-testrig/workdir/tests/invenio-records-resources/patched/.venv/lib/python3.14/site-packages/invenio_rest/ext.py,line=29::CSRF validation will be enabled by default in the version 1.3.x
::warning file=/home/runner/work/invenio-testrig/invenio-testrig/workdir/tests/invenio-records-resources/patched/.venv/lib/python3.14/site-packages/edtf/parser/grammar.py,line=352::'parseString' deprecated - use 'parse_string'
                                          [  6%]
tests/records/test_systemfield_files.py ..::warning file=/home/runner/work/invenio-testrig/invenio-testrig/workdir/tests/invenio-records-resources/patched/.venv/lib/python3.14/site-packages/invenio_rest/ext.py,line=29::CSRF validation will be enabled by default in the version 1.3.x
............                   [ 11%]
tests/records/test_systemfield_index.py ..::warning file=/home/runner/work/invenio-testrig/invenio-testrig/workdir/tests/invenio-records-resources/patched/.venv/lib/python3.14/site-packages/invenio_rest/ext.py,line=29::CSRF validation will be enabled by default in the version 1.3.x
.                              [ 12%]
tests/records/test_systemfield_modelpid.py ..::warning file=/home/runner/work/invenio-testrig/invenio-testrig/workdir/tests/invenio-records-resources/patched/.venv/lib/python3.14/site-packages/invenio_rest/ext.py,line=29::CSRF validation will be enabled by default in the version 1.3.x
..                          [ 14%]
tests/records/test_systemfield_pid.py ..::warning file=/home/runner/work/invenio-testrig/invenio-testrig/workdir/tests/invenio-records-resources/patched/.venv/lib/python3.14/site-packages/invenio_rest/ext.py,line=29::CSRF validation will be enabled by default in the version 1.3.x
.....                            [ 16%]
tests/records/test_systemfield_pidstatus.py ..::warning file=/home/runner/work/invenio-testrig/invenio-testrig/workdir/tests/invenio-records-resources/patched/.venv/lib/python3.14/site-packages/invenio_rest/ext.py,line=29::CSRF validation will be enabled by default in the version 1.3.x
.                          [ 18%]
tests/resources/files/test_zip.py .::warning file=/home/runner/work/invenio-testrig/invenio-testrig/workdir/tests/invenio-records-resources/patched/.venv/lib/python3.14/site-packages/invenio_rest/ext.py,line=29::CSRF validation will be enabled by default in the version 1.3.x
...                                   [ 19%]
tests/resources/test_files_resource.py .::warning file=/home/runner/work/invenio-testrig/invenio-testrig/workdir/tests/invenio-records-resources/patched/.venv/lib/python3.14/site-packages/invenio_rest/ext.py,line=29::CSRF validation will be enabled by default in the version 1.3.x
...........                      [ 24%]
tests/resources/test_resource_faceting.py .::warning file=/home/runner/work/invenio-testrig/invenio-testrig/workdir/tests/invenio-records-resources/patched/.venv/lib/python3.14/site-packages/invenio_rest/ext.py,line=29::CSRF validation will be enabled by default in the version 1.3.x
....                          [ 26%]
tests/resources/test_resource_links.py .::warning file=/home/runner/work/invenio-testrig/invenio-testrig/workdir/tests/invenio-records-resources/patched/.venv/lib/python3.14/site-packages/invenio_rest/ext.py,line=29::CSRF validation will be enabled by default in the version 1.3.x
..                               [ 27%]
tests/resources/test_resource_pagination.py .::warning file=/home/runner/work/invenio-testrig/invenio-testrig/workdir/tests/invenio-records-resources/patched/.venv/lib/python3.14/site-packages/invenio_rest/ext.py,line=29::CSRF validation will be enabled by default in the version 1.3.x
.........                   [ 31%]
tests/resources/test_resource_preference.py .::warning file=/home/runner/work/invenio-testrig/invenio-testrig/workdir/tests/invenio-records-resources/patched/.venv/lib/python3.14/site-packages/invenio_rest/ext.py,line=29::CSRF validation will be enabled by default in the version 1.3.x
                            [ 31%]
tests/resources/test_resource_sorting.py .::warning file=/home/runner/work/invenio-testrig/invenio-testrig/workdir/tests/invenio-records-resources/patched/.venv/lib/python3.14/site-packages/invenio_rest/ext.py,line=29::CSRF validation will be enabled by default in the version 1.3.x
.....                          [ 33%]
tests/resources/test_resources.py .::warning file=/home/runner/work/invenio-testrig/invenio-testrig/workdir/tests/invenio-records-resources/patched/.venv/lib/python3.14/site-packages/invenio_rest/ext.py,line=29::CSRF validation will be enabled by default in the version 1.3.x
...                                   [ 35%]
tests/resources/test_resources_etag.py .::warning file=/home/runner/work/invenio-testrig/invenio-testrig/workdir/tests/invenio-records-resources/patched/.venv/lib/python3.14/site-packages/invenio_rest/ext.py,line=29::CSRF validation will be enabled by default in the version 1.3.x
.                                [ 36%]
tests/services/custom_fields/test_base_cf.py .                           [ 36%]
tests/services/custom_fields/test_boolean_cf.py ....                     [ 38%]
tests/services/custom_fields/test_date_cf.py .....::warning file=/home/runner/work/invenio-testrig/invenio-testrig/workdir/tests/invenio-records-resources/patched/.venv/lib/python3.14/site-packages/edtf/parser/grammar.py,line=352::'parseString' deprecated - use 'parse_string'
::warning file=/home/runner/work/invenio-testrig/invenio-testrig/workdir/tests/invenio-records-resources/patched/.venv/lib/python3.14/site-packages/edtf/parser/grammar.py,line=352::'parseString' deprecated - use 'parse_string'
::warning file=/home/runner/work/invenio-testrig/invenio-testrig/workdir/tests/invenio-records-resources/patched/.venv/lib/python3.14/site-packages/edtf/parser/grammar.py,line=352::'parseString' deprecated - use 'parse_string'
::warning file=/home/runner/work/invenio-testrig/invenio-testrig/workdir/tests/invenio-records-resources/patched/.venv/lib/python3.14/site-packages/edtf/parser/grammar.py,line=352::'parseString' deprecated - use 'parse_string'
::warning file=/home/runner/work/invenio-testrig/invenio-testrig/workdir/tests/invenio-records-resources/patched/.venv/lib/python3.14/site-packages/edtf/parser/grammar.py,line=352::'parseString' deprecated - use 'parse_string'
..::warning file=/home/runner/work/invenio-testrig/invenio-testrig/workdir/tests/invenio-records-resources/patched/.venv/lib/python3.14/site-packages/edtf/parser/grammar.py,line=352::'parseString' deprecated - use 'parse_string'
.                    [ 41%]
tests/services/custom_fields/test_number_cf.py ......                    [ 43%]
tests/services/custom_fields/test_schema_cf.py .::warning file=/home/runner/work/invenio-testrig/invenio-testrig/workdir/tests/invenio-records-resources/patched/.venv/lib/python3.14/site-packages/invenio_rest/ext.py,line=29::CSRF validation will be enabled by default in the version 1.3.x
                         [ 44%]
tests/services/custom_fields/test_text_cf.py ........                    [ 47%]
tests/services/custom_fields/test_validate.py ..                         [ 47%]
tests/services/files/s3/test_service_s3_backend.py .::warning file=/home/runner/work/invenio-testrig/invenio-testrig/workdir/tests/invenio-records-resources/patched/.venv/lib/python3.14/site-packages/invenio_rest/ext.py,line=29::CSRF validation will be enabled by default in the version 1.3.x
::warning file=/home/runner/work/invenio-testrig/invenio-testrig/workdir/tests/invenio-records-resources/patched/.venv/lib/python3.14/site-packages/invenio_files_rest/storage/pyfs.py,line=170::The _get_fs method is deprecated and will be removed. Please implement the abstract FileStorage instead of extending the PyFSFileStorage class.
                     [ 48%]
tests/services/files/test_file_extractors.py .::warning file=/home/runner/work/invenio-testrig/invenio-testrig/workdir/tests/invenio-records-resources/patched/.venv/lib/python3.14/site-packages/invenio_rest/ext.py,line=29::CSRF validation will be enabled by default in the version 1.3.x
.                          [ 49%]
tests/services/files/test_file_results.py ss                             [ 49%]
tests/services/files/test_file_service.py .::warning file=/home/runner/work/invenio-testrig/invenio-testrig/workdir/tests/invenio-records-resources/patched/.venv/lib/python3.14/site-packages/invenio_rest/ext.py,line=29::CSRF validation will be enabled by default in the version 1.3.x
............::warning file=/home/runner/work/invenio-testrig/invenio-testrig/workdir/tests/invenio-records-resources/patched/.venv/lib/python3.14/site-packages/invenio_files_rest/models.py,line=719::Object of type <ObjectVersion> not in session, add operation along 'Bucket.objects' will not proceed (This warning originated from the Session 'autoflush' process, which was invoked automatically in response to a user-initiated operation. Consider using ``no_autoflush`` context manager if this warning happened while initializing objects.)
.::warning file=/home/runner/work/invenio-testrig/invenio-testrig/workdir/tests/invenio-records-resources/patched/.venv/lib/python3.14/site-packages/invenio_files_rest/models.py,line=719::Object of type <ObjectVersion> not in session, add operation along 'Bucket.objects' will not proceed (This warning originated from the Session 'autoflush' process, which was invoked automatically in response to a user-initiated operation. Consider using ``no_autoflush`` context manager if this warning happened while initializing objects.)
..               [ 55%]
tests/services/files/test_files_options.py .::warning file=/home/runner/work/invenio-testrig/invenio-testrig/workdir/tests/invenio-records-resources/patched/.venv/lib/python3.14/site-packages/invenio_rest/ext.py,line=29::CSRF validation will be enabled by default in the version 1.3.x
....                         [ 57%]
tests/services/files/test_files_processing.py .::warning file=/home/runner/work/invenio-testrig/invenio-testrig/workdir/tests/invenio-records-resources/patched/.venv/lib/python3.14/site-packages/invenio_rest/ext.py,line=29::CSRF validation will be enabled by default in the version 1.3.x
.                         [ 58%]
tests/services/files/test_zip.py .::warning file=/home/runner/work/invenio-testrig/invenio-testrig/workdir/tests/invenio-records-resources/patched/.venv/lib/python3.14/site-packages/invenio_rest/ext.py,line=29::CSRF validation will be enabled by default in the version 1.3.x
..                                     [ 59%]
tests/services/test_results.py .::warning file=/home/runner/work/invenio-testrig/invenio-testrig/workdir/tests/invenio-records-resources/patched/.venv/lib/python3.14/site-packages/invenio_rest/ext.py,line=29::CSRF validation will be enabled by default in the version 1.3.x
                                         [ 60%]
tests/services/test_results_expand.py .::warning file=/home/runner/work/invenio-testrig/invenio-testrig/workdir/tests/invenio-records-resources/patched/.venv/lib/python3.14/site-packages/invenio_rest/ext.py,line=29::CSRF validation will be enabled by default in the version 1.3.x
                                  [ 60%]
tests/services/test_service.py .::warning file=/home/runner/work/invenio-testrig/invenio-testrig/workdir/tests/invenio-records-resources/patched/.venv/lib/python3.14/site-packages/invenio_rest/ext.py,line=29::CSRF validation will be enabled by default in the version 1.3.x
...                                      [ 62%]
tests/services/test_service_create.py .::warning file=/home/runner/work/invenio-testrig/invenio-testrig/workdir/tests/invenio-records-resources/patched/.venv/lib/python3.14/site-packages/invenio_rest/ext.py,line=29::CSRF validation will be enabled by default in the version 1.3.x
..                                [ 63%]
tests/services/test_service_create_update.py .::warning file=/home/runner/work/invenio-testrig/invenio-testrig/workdir/tests/invenio-records-resources/patched/.venv/lib/python3.14/site-packages/invenio_rest/ext.py,line=29::CSRF validation will be enabled by default in the version 1.3.x
.......                    [ 66%]
tests/services/test_service_date_facet.py .::warning file=/home/runner/work/invenio-testrig/invenio-testrig/workdir/tests/invenio-records-resources/patched/.venv/lib/python3.14/site-packages/invenio_rest/ext.py,line=29::CSRF validation will be enabled by default in the version 1.3.x
......                        [ 69%]
tests/services/test_service_facets.py .::warning file=/home/runner/work/invenio-testrig/invenio-testrig/workdir/tests/invenio-records-resources/patched/.venv/lib/python3.14/site-packages/invenio_rest/ext.py,line=29::CSRF validation will be enabled by default in the version 1.3.x
....                              [ 71%]
tests/services/test_service_pagination.py .::warning file=/home/runner/work/invenio-testrig/invenio-testrig/workdir/tests/invenio-records-resources/patched/.venv/lib/python3.14/site-packages/invenio_rest/ext.py,line=29::CSRF validation will be enabled by default in the version 1.3.x
.                             [ 71%]
tests/services/test_service_queryparser.py ............................. [ 83%]
................................::warning file=/home/runner/work/invenio-testrig/invenio-testrig/workdir/tests/invenio-records-resources/patched/.venv/lib/python3.14/site-packages/invenio_rest/ext.py,line=29::CSRF validation will be enabled by default in the version 1.3.x
.                                        [ 95%]
tests/services/test_service_relation_propagation.py .::warning file=/home/runner/work/invenio-testrig/invenio-testrig/workdir/tests/invenio-records-resources/patched/.venv/lib/python3.14/site-packages/invenio_rest/ext.py,line=29::CSRF validation will be enabled by default in the version 1.3.x
.                   [ 96%]
tests/services/test_service_revision_id.py .::warning file=/home/runner/work/invenio-testrig/invenio-testrig/workdir/tests/invenio-records-resources/patched/.venv/lib/python3.14/site-packages/invenio_rest/ext.py,line=29::CSRF validation will be enabled by default in the version 1.3.x
.                            [ 97%]
tests/services/test_service_sort.py .::warning file=/home/runner/work/invenio-testrig/invenio-testrig/workdir/tests/invenio-records-resources/patched/.venv/lib/python3.14/site-packages/invenio_rest/ext.py,line=29::CSRF validation will be enabled by default in the version 1.3.x
..                                  [ 98%]
tests/services/test_utils.py .::warning file=/home/runner/work/invenio-testrig/invenio-testrig/workdir/tests/invenio-records-resources/patched/.venv/lib/python3.14/site-packages/invenio_rest/ext.py,line=29::CSRF validation will be enabled by default in the version 1.3.x
                                           [ 98%]
tests/test_invenio_resources.py ..                                       [ 99%]
tests/test_tasks.py .::warning file=/home/runner/work/invenio-testrig/invenio-testrig/workdir/tests/invenio-records-resources/patched/.venv/lib/python3.14/site-packages/invenio_rest/ext.py,line=29::CSRF validation will be enabled by default in the version 1.3.x
                                                    [100%]

=============================== warnings summary ===============================
.venv/lib/python3.14/site-packages/edtf/parser/grammar.py:9
  /home/runner/work/invenio-testrig/invenio-testrig/workdir/tests/invenio-records-resources/patched/.venv/lib/python3.14/site-packages/edtf/parser/grammar.py:9: PyparsingDeprecationWarning: 'enablePackrat' deprecated - use 'enable_packrat'
    pyparsing.ParserElement.enablePackrat()

.venv/lib/python3.14/site-packages/edtf/parser/grammar.py:52
  /home/runner/work/invenio-testrig/invenio-testrig/workdir/tests/invenio-records-resources/patched/.venv/lib/python3.14/site-packages/edtf/parser/grammar.py:52: PyparsingDeprecationWarning: 'oneOf' deprecated - use 'one_of'
    oneThru12 = oneOf(["%.2d" % i for i in range(1, 13)])

.venv/lib/python3.14/site-packages/edtf/parser/grammar.py:53
  /home/runner/work/invenio-testrig/invenio-testrig/workdir/tests/invenio-records-resources/patched/.venv/lib/python3.14/site-packages/edtf/parser/grammar.py:53: PyparsingDeprecationWarning: 'oneOf' deprecated - use 'one_of'
    oneThru13 = oneOf(["%.2d" % i for i in range(1, 14)])

.venv/lib/python3.14/site-packages/edtf/parser/grammar.py:54
  /home/runner/work/invenio-testrig/invenio-testrig/workdir/tests/invenio-records-resources/patched/.venv/lib/python3.14/site-packages/edtf/parser/grammar.py:54: PyparsingDeprecationWarning: 'oneOf' deprecated - use 'one_of'
    oneThru23 = oneOf(["%.2d" % i for i in range(1, 24)])

.venv/lib/python3.14/site-packages/edtf/parser/grammar.py:55
  /home/runner/work/invenio-testrig/invenio-testrig/workdir/tests/invenio-records-resources/patched/.venv/lib/python3.14/site-packages/edtf/parser/grammar.py:55: PyparsingDeprecationWarning: 'oneOf' deprecated - use 'one_of'
    zeroThru23 = oneOf(["%.2d" % i for i in range(0, 24)])

.venv/lib/python3.14/site-packages/edtf/parser/grammar.py:56
  /home/runner/work/invenio-testrig/invenio-testrig/workdir/tests/invenio-records-resources/patched/.venv/lib/python3.14/site-packages/edtf/parser/grammar.py:56: PyparsingDeprecationWarning: 'oneOf' deprecated - use 'one_of'
    oneThru29 = oneOf(["%.2d" % i for i in range(1, 30)])

.venv/lib/python3.14/site-packages/edtf/parser/grammar.py:57
  /home/runner/work/invenio-testrig/invenio-testrig/workdir/tests/invenio-records-resources/patched/.venv/lib/python3.14/site-packages/edtf/parser/grammar.py:57: PyparsingDeprecationWarning: 'oneOf' deprecated - use 'one_of'
    oneThru30 = oneOf(["%.2d" % i for i in range(1, 31)])

.venv/lib/python3.14/site-packages/edtf/parser/grammar.py:58
  /home/runner/work/invenio-testrig/invenio-testrig/workdir/tests/invenio-records-resources/patched/.venv/lib/python3.14/site-packages/edtf/parser/grammar.py:58: PyparsingDeprecationWarning: 'oneOf' deprecated - use 'one_of'
    oneThru31 = oneOf(["%.2d" % i for i in range(1, 32)])

.venv/lib/python3.14/site-packages/edtf/parser/grammar.py:59
  /home/runner/work/invenio-testrig/invenio-testrig/workdir/tests/invenio-records-resources/patched/.venv/lib/python3.14/site-packages/edtf/parser/grammar.py:59: PyparsingDeprecationWarning: 'oneOf' deprecated - use 'one_of'
    oneThru59 = oneOf(["%.2d" % i for i in range(1, 60)])

.venv/lib/python3.14/site-packages/edtf/parser/grammar.py:60
  /home/runner/work/invenio-testrig/invenio-testrig/workdir/tests/invenio-records-resources/patched/.venv/lib/python3.14/site-packages/edtf/parser/grammar.py:60: PyparsingDeprecationWarning: 'oneOf' deprecated - use 'one_of'
    zeroThru59 = oneOf(["%.2d" % i for i in range(0, 60)])

.venv/lib/python3.14/site-packages/edtf/parser/grammar.py:63
  /home/runner/work/invenio-testrig/invenio-testrig/workdir/tests/invenio-records-resources/patched/.venv/lib/python3.14/site-packages/edtf/parser/grammar.py:63: PyparsingDeprecationWarning: 'excludeChars' argument is deprecated, use 'exclude_chars'
    positiveDigit = Word(nums, exact=1, excludeChars="0")

.venv/lib/python3.14/site-packages/edtf/parser/grammar.py:73
  /home/runner/work/invenio-testrig/invenio-testrig/workdir/tests/invenio-records-resources/patched/.venv/lib/python3.14/site-packages/edtf/parser/grammar.py:73: PyparsingDeprecationWarning: 'oneOf' deprecated - use 'one_of'
    (oneOf("01 03 05 07 08 10 12")("month") + "-" + oneThru31("day"))

.venv/lib/python3.14/site-packages/edtf/parser/grammar.py:74
  /home/runner/work/invenio-testrig/invenio-testrig/workdir/tests/invenio-records-resources/patched/.venv/lib/python3.14/site-packages/edtf/parser/grammar.py:74: PyparsingDeprecationWarning: 'oneOf' deprecated - use 'one_of'
    ^ (oneOf("04 06 09 11")("month") + "-" + oneThru30("day"))

.venv/lib/python3.14/site-packages/edtf/parser/parser_classes.py:103: 19 warnings
  /home/runner/work/invenio-testrig/invenio-testrig/workdir/tests/invenio-records-resources/patched/.venv/lib/python3.14/site-packages/edtf/parser/parser_classes.py:103: PyparsingDeprecationWarning: 'addParseAction' deprecated - use 'add_parse_action'
    p.addParseAction(cls.parse_action)

.venv/lib/python3.14/site-packages/edtf/parser/grammar.py:119
  /home/runner/work/invenio-testrig/invenio-testrig/workdir/tests/invenio-records-resources/patched/.venv/lib/python3.14/site-packages/edtf/parser/grammar.py:119: PyparsingDeprecationWarning: 'oneOf' deprecated - use 'one_of'
    UASymbol = Combine(oneOf("? ~ %"))

.venv/lib/python3.14/site-packages/edtf/parser/grammar.py:122
  /home/runner/work/invenio-testrig/invenio-testrig/workdir/tests/invenio-records-resources/patched/.venv/lib/python3.14/site-packages/edtf/parser/grammar.py:122: PyparsingDeprecationWarning: 'oneOf' deprecated - use 'one_of'
    seasonNumber = oneOf("21 22 23 24")

.venv/lib/python3.14/site-packages/edtf/parser/grammar.py:155
  /home/runner/work/invenio-testrig/invenio-testrig/workdir/tests/invenio-records-resources/patched/.venv/lib/python3.14/site-packages/edtf/parser/grammar.py:155: PyparsingDeprecationWarning: 'addParseAction' deprecated - use 'add_parse_action'
    l1Start.addParseAction(f)

.venv/lib/python3.14/site-packages/edtf/parser/grammar.py:157
  /home/runner/work/invenio-testrig/invenio-testrig/workdir/tests/invenio-records-resources/patched/.venv/lib/python3.14/site-packages/edtf/parser/grammar.py:157: PyparsingDeprecationWarning: 'addParseAction' deprecated - use 'add_parse_action'
    l1End.addParseAction(f)

.venv/lib/python3.14/site-packages/edtf/parser/grammar.py:199
  /home/runner/work/invenio-testrig/invenio-testrig/workdir/tests/invenio-records-resources/patched/.venv/lib/python3.14/site-packages/edtf/parser/grammar.py:199: PyparsingDeprecationWarning: 'oneOf' deprecated - use 'one_of'
    monthWithX = Combine(oneOf("0X 1X") ^ ("X" + digitOrX))("month")

.venv/lib/python3.14/site-packages/edtf/parser/grammar.py:303
.venv/lib/python3.14/site-packages/edtf/parser/grammar.py:303
  /home/runner/work/invenio-testrig/invenio-testrig/workdir/tests/invenio-records-resources/patched/.venv/lib/python3.14/site-packages/edtf/parser/grammar.py:303: PyparsingDeprecationWarning: 'addParseAction' deprecated - use 'add_parse_action'
    earlier = L("..").addParseAction(f)("lower") + date("upper").addParseAction(f)

.venv/lib/python3.14/site-packages/edtf/parser/grammar.py:304
.venv/lib/python3.14/site-packages/edtf/parser/grammar.py:304
  /home/runner/work/invenio-testrig/invenio-testrig/workdir/tests/invenio-records-resources/patched/.venv/lib/python3.14/site-packages/edtf/parser/grammar.py:304: PyparsingDeprecationWarning: 'addParseAction' deprecated - use 'add_parse_action'
    later = date("lower").addParseAction(f) + L("..").addParseAction(f)("upper")

.venv/lib/python3.14/site-packages/edtf/parser/grammar.py:325
  /home/runner/work/invenio-testrig/invenio-testrig/workdir/tests/invenio-records-resources/patched/.venv/lib/python3.14/site-packages/edtf/parser/grammar.py:325: PyparsingDeprecationWarning: 'oneOf' deprecated - use 'one_of'
    seasonL2Number = oneOf("21 22 23 24 25 26 27 28 29 30 31 32 33 34 35 36 37 38 39 40 41")

tests/factories/test_factory.py::test_gen_same_name_classes
  /home/runner/work/invenio-testrig/invenio-testrig/workdir/tests/invenio-records-resources/patched/.venv/lib/python3.14/site-packages/flask_sqlalchemy/model.py:144: SAWarning: This declarative base already contains a class with the same class name and module name as invenio_records_resources.factories.factory.MyRecordMetadata, and will be replaced in the string-lookup table.
    super().__init__(name, bases, d, **kwargs)

tests/records/test_api.py: 1 warning
tests/records/test_dumpers.py: 1 warning
tests/records/test_systemfield_files.py: 1 warning
tests/records/test_systemfield_index.py: 1 warning
tests/records/test_systemfield_modelpid.py: 1 warning
tests/records/test_systemfield_pid.py: 1 warning
tests/records/test_systemfield_pidstatus.py: 1 warning
tests/resources/files/test_zip.py: 1 warning
tests/resources/test_files_resource.py: 1 warning
tests/resources/test_resource_faceting.py: 1 warning
tests/resources/test_resource_links.py: 1 warning
tests/resources/test_resource_pagination.py: 1 warning
tests/resources/test_resource_preference.py: 1 warning
tests/resources/test_resource_sorting.py: 1 warning
tests/resources/test_resources.py: 1 warning
tests/resources/test_resources_etag.py: 1 warning
tests/services/custom_fields/test_schema_cf.py: 1 warning
tests/services/files/s3/test_service_s3_backend.py: 1 warning
tests/services/files/test_file_extractors.py: 1 warning
tests/services/files/test_file_service.py: 1 warning
tests/services/files/test_files_options.py: 1 warning
tests/services/files/test_files_processing.py: 1 warning
tests/services/files/test_zip.py: 1 warning
tests/services/test_results.py: 1 warning
tests/services/test_results_expand.py: 1 warning
tests/services/test_service.py: 1 warning
tests/services/test_service_create.py: 1 warning
tests/services/test_service_create_update.py: 1 warning
tests/services/test_service_date_facet.py: 1 warning
tests/services/test_service_facets.py: 1 warning
tests/services/test_service_pagination.py: 1 warning
tests/services/test_service_queryparser.py: 1 warning
tests/services/test_service_relation_propagation.py: 1 warning
tests/services/test_service_revision_id.py: 1 warning
tests/services/test_service_sort.py: 1 warning
tests/services/test_utils.py: 1 warning
tests/test_tasks.py: 1 warning
  /home/runner/work/invenio-testrig/invenio-testrig/workdir/tests/invenio-records-resources/patched/.venv/lib/python3.14/site-packages/invenio_rest/ext.py:29: FutureWarning: CSRF validation will be enabled by default in the version 1.3.x
    self.init_app(app)

tests/records/test_dumpers.py::test_custom_field_dumperext
tests/services/custom_fields/test_date_cf.py::test_edtfdatestring_validate
tests/services/custom_fields/test_date_cf.py::test_edtfdatestring_validate
tests/services/custom_fields/test_date_cf.py::test_edtfdatestring_validate
tests/services/custom_fields/test_date_cf.py::test_edtfdatestring_validate
tests/services/custom_fields/test_date_cf.py::test_edtfdatestring_validate
tests/services/custom_fields/test_date_cf.py::test_edtfdatestring_multiple_dump
  /home/runner/work/invenio-testrig/invenio-testrig/workdir/tests/invenio-records-resources/patched/.venv/lib/python3.14/site-packages/edtf/parser/grammar.py:352: PyparsingDeprecationWarning: 'parseString' deprecated - use 'parse_string'
    p = edtfParser.parseString(input_string.strip(), parseAll)

tests/services/files/s3/test_service_s3_backend.py::test_multipart_file_upload_s3
  /home/runner/work/invenio-testrig/invenio-testrig/workdir/tests/invenio-records-resources/patched/.venv/lib/python3.14/site-packages/invenio_files_rest/storage/pyfs.py:170: DeprecationWarning: The _get_fs method is deprecated and will be removed. Please implement the abstract FileStorage instead of extending the PyFSFileStorage class.
    warnings.warn(

tests/services/files/test_file_service.py::test_remote_file
tests/services/files/test_file_service.py::test_remote_file_with_checksum_and_size
  /home/runner/work/invenio-testrig/invenio-testrig/workdir/tests/invenio-records-resources/patched/.venv/lib/python3.14/site-packages/invenio_files_rest/models.py:719: SAWarning: Object of type <ObjectVersion> not in session, add operation along 'Bucket.objects' will not proceed (This warning originated from the Session 'autoflush' process, which was invoked automatically in response to a user-initiated operation. Consider using ``no_autoflush`` context manager if this warning happened while initializing objects.)
    return db.session.query(cls).filter_by(id=file_id).one_or_none()

-- Docs: https://docs.pytest.org/en/stable/how-to/capture-warnings.html
================= 257 passed, 2 skipped, 90 warnings in 44.84s =================
 Container docker_services_cli-opensearch-1  Stopping
 Container docker_services_cli-minio-1  Stopping
 Container docker_services_cli-postgresql-1  Stopping
 Container docker_services_cli-redis-1  Stopping
 Container docker_services_cli-redis-1  Stopped
 Container docker_services_cli-redis-1  Removing
 Container docker_services_cli-redis-1  Removed
 Container docker_services_cli-minio-1  Stopped
 Container docker_services_cli-minio-1  Removing
 Container docker_services_cli-minio-1  Removed
 Container docker_services_cli-opensearch-1  Stopped
 Container docker_services_cli-opensearch-1  Removing
 Container docker_services_cli-postgresql-1  Stopped
 Container docker_services_cli-postgresql-1  Removing
 Container docker_services_cli-opensearch-1  Removed
 Container docker_services_cli-postgresql-1  Removed
 Network docker_services_cli_default  Removing
 Network docker_services_cli_default  Removed
