 redis Pulling 
 postgresql Pulling 
 opensearch Pulling 
 f9dd052e142d Pulling fs layer 
 e8c6d4883897 Pulling fs layer 
 648eb81b3252 Pulling fs layer 
 eb77aa907276 Pulling fs layer 
 4f4fb700ef54 Pulling fs layer 
 0ffa8f8aba1e Pulling fs layer 
 2e81b9cb93cd Pulling fs layer 
 4f4fb700ef54 Waiting 
 0ffa8f8aba1e Waiting 
 2e81b9cb93cd Waiting 
 eb77aa907276 Waiting 
 84a2afebaf4d Pulling fs layer 
 68bef8a2321a Pulling fs layer 
 dc35057c3d27 Pulling fs layer 
 762d5b1c0ef7 Pulling fs layer 
 1196a886e941 Pulling fs layer 
 96afa962f1ac Pulling fs layer 
 4f4fb700ef54 Pulling fs layer 
 6475cc3afbe1 Pulling fs layer 
 dc35057c3d27 Waiting 
 762d5b1c0ef7 Waiting 
 96afa962f1ac Waiting 
 1196a886e941 Waiting 
 4f4fb700ef54 Waiting 
 84a2afebaf4d Waiting 
 6475cc3afbe1 Waiting 
 68bef8a2321a Waiting 
 b0a0cf830b12 Pulling fs layer 
 dda3d8fbd5ed Pulling fs layer 
 283a477db7bb Pulling fs layer 
 91d2729fa4d5 Pulling fs layer 
 9739ced65621 Pulling fs layer 
 ae3bb1b347a4 Pulling fs layer 
 f8406d9c00ea Pulling fs layer 
 c199bff16b05 Pulling fs layer 
 e0d55fdb4d15 Pulling fs layer 
 c1cb13b19080 Pulling fs layer 
 873532e5f8c7 Pulling fs layer 
 050d9f8c3b1c Pulling fs layer 
 710e142705f8 Pulling fs layer 
 cb628c265f09 Pulling fs layer 
 b0a0cf830b12 Waiting 
 dda3d8fbd5ed Waiting 
 283a477db7bb Waiting 
 91d2729fa4d5 Waiting 
 9739ced65621 Waiting 
 ae3bb1b347a4 Waiting 
 f8406d9c00ea Waiting 
 c199bff16b05 Waiting 
 e0d55fdb4d15 Waiting 
 c1cb13b19080 Waiting 
 873532e5f8c7 Waiting 
 050d9f8c3b1c Waiting 
 710e142705f8 Waiting 
 cb628c265f09 Waiting 
 e8c6d4883897 Downloading [>                                                  ]  44.91kB/4.398MB
 648eb81b3252 Downloading [=======================>                           ]     720B/1.561kB
 648eb81b3252 Downloading [==================================================>]  1.561kB/1.561kB
 648eb81b3252 Download complete 
 e8c6d4883897 Verifying Checksum 
 e8c6d4883897 Download complete 
 f9dd052e142d Downloading [>                                                  ]  523.6kB/52.33MB
 f9dd052e142d Downloading [==>                                                ]  2.633MB/52.33MB
 eb77aa907276 Downloading [>                                                  ]  528.1kB/907.7MB
 4f4fb700ef54 Downloading [==================================================>]      32B/32B
 4f4fb700ef54 Verifying Checksum 
 4f4fb700ef54 Download complete 
 f9dd052e142d Downloading [=======>                                           ]   7.93MB/52.33MB
 eb77aa907276 Downloading [>                                                  ]  8.023MB/907.7MB
 f9dd052e142d Downloading [===========>                                       ]  12.17MB/52.33MB
 0ffa8f8aba1e Downloading [==================================================>]     226B/226B
 0ffa8f8aba1e Verifying Checksum 
 0ffa8f8aba1e Download complete 
 f9dd052e142d Downloading [==============>                                    ]  15.37MB/52.33MB
 eb77aa907276 Downloading [>                                                  ]  12.82MB/907.7MB
 f9dd052e142d Downloading [===================>                               ]  20.67MB/52.33MB
 eb77aa907276 Downloading [>                                                  ]  16.56MB/907.7MB
 2e81b9cb93cd Downloading [===================>                               ]     707B/1.859kB
 2e81b9cb93cd Downloading [==================================================>]  1.859kB/1.859kB
 2e81b9cb93cd Verifying Checksum 
 2e81b9cb93cd Download complete 
 f9dd052e142d Downloading [======================>                            ]  23.32MB/52.33MB
 eb77aa907276 Downloading [=>                                                 ]  18.69MB/907.7MB
 f9dd052e142d Downloading [============================>                      ]  30.21MB/52.33MB
 eb77aa907276 Downloading [=>                                                 ]  28.87MB/907.7MB
 84a2afebaf4d Downloading [>                                                  ]    293kB/28.24MB
 f9dd052e142d Downloading [===============================>                   ]  33.39MB/52.33MB
 eb77aa907276 Downloading [==>                                                ]  39.48MB/907.7MB
 84a2afebaf4d Downloading [=====================>                             ]  12.25MB/28.24MB
 f9dd052e142d Downloading [======================================>            ]  40.29MB/52.33MB
 eb77aa907276 Downloading [==>                                                ]  46.97MB/907.7MB
 84a2afebaf4d Verifying Checksum 
 84a2afebaf4d Download complete 
 84a2afebaf4d Extracting [>                                                  ]  294.9kB/28.24MB
 f9dd052e142d Downloading [=========================================>         ]  42.93MB/52.33MB
 eb77aa907276 Downloading [===>                                               ]  57.07MB/907.7MB
 84a2afebaf4d Extracting [=========>                                         ]  5.603MB/28.24MB
 f9dd052e142d Downloading [===============================================>   ]  49.82MB/52.33MB
 f9dd052e142d Verifying Checksum 
 f9dd052e142d Download complete 
 68bef8a2321a Downloading [================================>                  ]     721B/1.102kB
 68bef8a2321a Downloading [==================================================>]  1.102kB/1.102kB
 68bef8a2321a Verifying Checksum 
 68bef8a2321a Download complete 
 eb77aa907276 Downloading [===>                                               ]  65.08MB/907.7MB
 f9dd052e142d Extracting [>                                                  ]  524.3kB/52.33MB
 84a2afebaf4d Extracting [================>                                  ]  9.437MB/28.24MB
 eb77aa907276 Downloading [====>                                              ]  75.73MB/907.7MB
 f9dd052e142d Extracting [=>                                                 ]  1.573MB/52.33MB
 84a2afebaf4d Extracting [======================>                            ]  12.98MB/28.24MB
 eb77aa907276 Downloading [====>                                              ]   84.8MB/907.7MB
 dc35057c3d27 Downloading [=========================================>         ]     722B/875B
 dc35057c3d27 Downloading [==================================================>]     875B/875B
 dc35057c3d27 Verifying Checksum 
 dc35057c3d27 Download complete 
 762d5b1c0ef7 Downloading [>                                                  ]  14.89kB/1.438MB
 84a2afebaf4d Extracting [==================================>                ]  19.46MB/28.24MB
 762d5b1c0ef7 Download complete 
 f9dd052e142d Extracting [====>                                              ]  4.719MB/52.33MB
 eb77aa907276 Downloading [=====>                                             ]  95.45MB/907.7MB
 eb77aa907276 Downloading [=====>                                             ]  107.2MB/907.7MB
 f9dd052e142d Extracting [=====>                                             ]  5.767MB/52.33MB
 1196a886e941 Downloading [>                                                  ]  155.6kB/15.35MB
 84a2afebaf4d Extracting [==========================================>        ]  23.89MB/28.24MB
 96afa962f1ac Downloading [==================================================>]      96B/96B
 96afa962f1ac Verifying Checksum 
 96afa962f1ac Download complete 
 eb77aa907276 Downloading [======>                                            ]  115.2MB/907.7MB
 f9dd052e142d Extracting [============>                                      ]  12.58MB/52.33MB
 1196a886e941 Downloading [=====================================>             ]   11.5MB/15.35MB
 1196a886e941 Verifying Checksum 
 1196a886e941 Download complete 
 eb77aa907276 Downloading [======>                                            ]  126.4MB/907.7MB
 f9dd052e142d Extracting [=================>                                 ]  18.35MB/52.33MB
 84a2afebaf4d Extracting [===============================================>   ]  26.84MB/28.24MB
 eb77aa907276 Downloading [=======>                                           ]  134.9MB/907.7MB
 4f4fb700ef54 Downloading [==================================================>]      32B/32B
 4f4fb700ef54 Verifying Checksum 
 4f4fb700ef54 Download complete 
 f9dd052e142d Extracting [========================>                          ]  25.17MB/52.33MB
 6475cc3afbe1 Downloading [==================================================>]     573B/573B
 6475cc3afbe1 Verifying Checksum 
 6475cc3afbe1 Download complete 
 eb77aa907276 Downloading [=======>                                           ]    144MB/907.7MB
 f9dd052e142d Extracting [==========================>                        ]  27.79MB/52.33MB
 eb77aa907276 Downloading [========>                                          ]  155.7MB/907.7MB
 b0a0cf830b12 Downloading [>                                                  ]  299.4kB/29.15MB
 f9dd052e142d Extracting [============================>                      ]  29.36MB/52.33MB
 84a2afebaf4d Extracting [================================================>  ]  27.43MB/28.24MB
 dda3d8fbd5ed Downloading [==============================>                    ]     721B/1.165kB
 dda3d8fbd5ed Downloading [==================================================>]  1.165kB/1.165kB
 dda3d8fbd5ed Verifying Checksum 
 dda3d8fbd5ed Download complete 
 eb77aa907276 Downloading [========>                                          ]    160MB/907.7MB
 b0a0cf830b12 Downloading [===================>                               ]  11.55MB/29.15MB
 84a2afebaf4d Extracting [==================================================>]  28.24MB/28.24MB
 eb77aa907276 Downloading [=========>                                         ]  166.4MB/907.7MB
 b0a0cf830b12 Verifying Checksum 
 b0a0cf830b12 Download complete 
 f9dd052e142d Extracting [=============================>                     ]  30.41MB/52.33MB
 84a2afebaf4d Pull complete 
 68bef8a2321a Extracting [==================================================>]  1.102kB/1.102kB
 68bef8a2321a Extracting [==================================================>]  1.102kB/1.102kB
 b0a0cf830b12 Extracting [>                                                  ]  294.9kB/29.15MB
 283a477db7bb Downloading [>                                                  ]  45.83kB/4.533MB
 b0a0cf830b12 Extracting [========>                                          ]  4.719MB/29.15MB
 283a477db7bb Downloading [==================================>                ]  3.132MB/4.533MB
 f9dd052e142d Extracting [===============================>                   ]  33.03MB/52.33MB
 283a477db7bb Verifying Checksum 
 283a477db7bb Download complete 
 91d2729fa4d5 Downloading [>                                                  ]  15.73kB/1.45MB
 b0a0cf830b12 Extracting [================>                                  ]  9.437MB/29.15MB
 f9dd052e142d Extracting [=================================>                 ]   34.6MB/52.33MB
 91d2729fa4d5 Verifying Checksum 
 91d2729fa4d5 Download complete 
 eb77aa907276 Downloading [=========>                                         ]  171.2MB/907.7MB
 b0a0cf830b12 Extracting [==================>                                ]  10.91MB/29.15MB
 f9dd052e142d Extracting [==================================>                ]  36.18MB/52.33MB
 9739ced65621 Downloading [>                                                  ]  83.99kB/8.069MB
 eb77aa907276 Downloading [=========>                                         ]  173.9MB/907.7MB
 9739ced65621 Downloading [===>                                               ]  509.3kB/8.069MB
 ae3bb1b347a4 Downloading [>                                                  ]     13kB/1.196MB
 eb77aa907276 Downloading [=========>                                         ]    175MB/907.7MB
 b0a0cf830b12 Extracting [==========================>                        ]  15.63MB/29.15MB
 ae3bb1b347a4 Verifying Checksum 
 ae3bb1b347a4 Download complete 
 f9dd052e142d Extracting [====================================>              ]  37.75MB/52.33MB
 9739ced65621 Downloading [============================>                      ]  4.591MB/8.069MB
 b0a0cf830b12 Extracting [====================================>              ]  21.23MB/29.15MB
 eb77aa907276 Downloading [==========>                                        ]  188.8MB/907.7MB
 9739ced65621 Verifying Checksum 
 9739ced65621 Download complete 
 eb77aa907276 Downloading [===========>                                       ]  200.1MB/907.7MB
 f8406d9c00ea Downloading [==================================================>]     116B/116B
 f8406d9c00ea Download complete 
 f9dd052e142d Extracting [======================================>            ]  39.85MB/52.33MB
 eb77aa907276 Downloading [===========>                                       ]  209.2MB/907.7MB
 c199bff16b05 Downloading [===========>                                       ]     721B/3.145kB
 c199bff16b05 Downloading [==================================================>]  3.145kB/3.145kB
 c199bff16b05 Verifying Checksum 
 c199bff16b05 Download complete 
 eb77aa907276 Downloading [===========>                                       ]  212.4MB/907.7MB
 f9dd052e142d Extracting [========================================>          ]  42.47MB/52.33MB
 e0d55fdb4d15 Downloading [>                                                  ]  540.7kB/109MB
 eb77aa907276 Downloading [============>                                      ]  219.9MB/907.7MB
 c1cb13b19080 Downloading [===>                                               ]     687B/9.925kB
 c1cb13b19080 Downloading [==================================================>]  9.925kB/9.925kB
 c1cb13b19080 Verifying Checksum 
 c1cb13b19080 Download complete 
 b0a0cf830b12 Extracting [==========================================>        ]  24.77MB/29.15MB
 f9dd052e142d Extracting [==========================================>        ]  44.04MB/52.33MB
 e0d55fdb4d15 Downloading [====>                                              ]  9.104MB/109MB
 eb77aa907276 Downloading [============>                                      ]  226.8MB/907.7MB
 f9dd052e142d Extracting [============================================>      ]  46.14MB/52.33MB
 e0d55fdb4d15 Downloading [============>                                      ]  26.81MB/109MB
 eb77aa907276 Downloading [============>                                      ]  231.6MB/907.7MB
 873532e5f8c7 Downloading [==================================================>]     128B/128B
 873532e5f8c7 Verifying Checksum 
 873532e5f8c7 Download complete 
 e0d55fdb4d15 Downloading [===================>                               ]   42.3MB/109MB
 eb77aa907276 Downloading [=============>                                     ]  238.5MB/907.7MB
 b0a0cf830b12 Extracting [===============================================>   ]  27.72MB/29.15MB
 e0d55fdb4d15 Downloading [============================>                      ]  62.06MB/109MB
 eb77aa907276 Downloading [=============>                                     ]  244.9MB/907.7MB
 f9dd052e142d Extracting [=============================================>     ]  47.71MB/52.33MB
 050d9f8c3b1c Downloading [==================================================>]     169B/169B
 050d9f8c3b1c Verifying Checksum 
 050d9f8c3b1c Download complete 
 e0d55fdb4d15 Downloading [=================================>                 ]  72.78MB/109MB
 eb77aa907276 Downloading [=============>                                     ]  252.9MB/907.7MB
 e0d55fdb4d15 Downloading [======================================>            ]  83.49MB/109MB
 710e142705f8 Downloading [======>                                            ]     719B/5.421kB
 f9dd052e142d Extracting [==============================================>    ]  48.76MB/52.33MB
 710e142705f8 Downloading [==================================================>]  5.421kB/5.421kB
 710e142705f8 Verifying Checksum 
 710e142705f8 Download complete 
 eb77aa907276 Downloading [==============>                                    ]  258.3MB/907.7MB
 b0a0cf830b12 Extracting [================================================>  ]  28.02MB/29.15MB
 e0d55fdb4d15 Downloading [=============================================>     ]   98.5MB/109MB
 eb77aa907276 Downloading [==============>                                    ]  268.4MB/907.7MB
 e0d55fdb4d15 Verifying Checksum 
 e0d55fdb4d15 Download complete 
 cb628c265f09 Downloading [==================================================>]     184B/184B
 cb628c265f09 Verifying Checksum 
 cb628c265f09 Download complete 
 eb77aa907276 Downloading [===============>                                   ]  276.9MB/907.7MB
 eb77aa907276 Downloading [===============>                                   ]  284.4MB/907.7MB
 eb77aa907276 Downloading [===============>                                   ]  289.2MB/907.7MB
 b0a0cf830b12 Extracting [================================================>  ]  28.31MB/29.15MB
 eb77aa907276 Downloading [================>                                  ]  293.5MB/907.7MB
 f9dd052e142d Extracting [=================================================> ]  51.38MB/52.33MB
 eb77aa907276 Downloading [================>                                  ]  300.4MB/907.7MB
 b0a0cf830b12 Extracting [==================================================>]  29.15MB/29.15MB
 f9dd052e142d Extracting [=================================================> ]   51.9MB/52.33MB
 f9dd052e142d Extracting [==================================================>]  52.33MB/52.33MB
 eb77aa907276 Downloading [=================>                                 ]  312.7MB/907.7MB
 eb77aa907276 Downloading [=================>                                 ]  319.2MB/907.7MB
 b0a0cf830b12 Pull complete 
 f9dd052e142d Pull complete 
 dda3d8fbd5ed Extracting [==================================================>]  1.165kB/1.165kB
 dda3d8fbd5ed Extracting [==================================================>]  1.165kB/1.165kB
 e8c6d4883897 Extracting [>                                                  ]  65.54kB/4.398MB
 e8c6d4883897 Extracting [========>                                          ]  720.9kB/4.398MB
 eb77aa907276 Downloading [==================>                                ]  329.8MB/907.7MB
 e8c6d4883897 Extracting [==============>                                    ]  1.311MB/4.398MB
 eb77aa907276 Downloading [==================>                                ]  331.4MB/907.7MB
 e8c6d4883897 Extracting [===================>                               ]  1.704MB/4.398MB
 eb77aa907276 Downloading [==================>                                ]  337.3MB/907.7MB
 e8c6d4883897 Extracting [======================>                            ]  1.966MB/4.398MB
 eb77aa907276 Downloading [==================>                                ]  341.5MB/907.7MB
 e8c6d4883897 Extracting [==========================>                        ]  2.294MB/4.398MB
 eb77aa907276 Downloading [==================>                                ]  344.2MB/907.7MB
 68bef8a2321a Pull complete 
 eb77aa907276 Downloading [===================>                               ]  347.4MB/907.7MB
 dc35057c3d27 Extracting [==================================================>]     875B/875B
 dc35057c3d27 Extracting [==================================================>]     875B/875B
 e8c6d4883897 Extracting [================================>                  ]  2.818MB/4.398MB
 dda3d8fbd5ed Pull complete 
 283a477db7bb Extracting [>                                                  ]  65.54kB/4.533MB
 dc35057c3d27 Pull complete 
 762d5b1c0ef7 Extracting [=>                                                 ]  32.77kB/1.438MB
 eb77aa907276 Downloading [===================>                               ]  356.5MB/907.7MB
 762d5b1c0ef7 Extracting [==================================================>]  1.438MB/1.438MB
 762d5b1c0ef7 Extracting [==================================================>]  1.438MB/1.438MB
 762d5b1c0ef7 Pull complete 
 1196a886e941 Extracting [>                                                  ]  163.8kB/15.35MB
 e8c6d4883897 Extracting [=====================================>             ]  3.342MB/4.398MB
 283a477db7bb Extracting [==================================>                ]  3.146MB/4.533MB
 eb77aa907276 Downloading [====================>                              ]  363.4MB/907.7MB
 283a477db7bb Extracting [==================================================>]  4.533MB/4.533MB
 1196a886e941 Extracting [===================>                               ]  6.062MB/15.35MB
 e8c6d4883897 Extracting [==================================================>]  4.398MB/4.398MB
 e8c6d4883897 Pull complete 
 648eb81b3252 Extracting [==================================================>]  1.561kB/1.561kB
 648eb81b3252 Extracting [==================================================>]  1.561kB/1.561kB
 eb77aa907276 Downloading [====================>                              ]  369.3MB/907.7MB
 283a477db7bb Pull complete 
 91d2729fa4d5 Extracting [=>                                                 ]  32.77kB/1.45MB
 648eb81b3252 Pull complete 
 91d2729fa4d5 Extracting [==================================================>]   1.45MB/1.45MB
 1196a886e941 Extracting [====================================>              ]   11.3MB/15.35MB
 91d2729fa4d5 Pull complete 
 9739ced65621 Extracting [>                                                  ]   98.3kB/8.069MB
 eb77aa907276 Downloading [====================>                              ]  376.2MB/907.7MB
 1196a886e941 Extracting [==================================================>]  15.35MB/15.35MB
 1196a886e941 Pull complete 
 96afa962f1ac Extracting [==================================================>]      96B/96B
 96afa962f1ac Extracting [==================================================>]      96B/96B
 96afa962f1ac Pull complete 
 4f4fb700ef54 Extracting [==================================================>]      32B/32B
 4f4fb700ef54 Extracting [==================================================>]      32B/32B
 4f4fb700ef54 Pull complete 
 9739ced65621 Extracting [====================>                              ]  3.244MB/8.069MB
 6475cc3afbe1 Extracting [==================================================>]     573B/573B
 6475cc3afbe1 Extracting [==================================================>]     573B/573B
 6475cc3afbe1 Pull complete 
 redis Pulled 
 eb77aa907276 Downloading [=====================>                             ]  382.6MB/907.7MB
 9739ced65621 Extracting [=================================>                 ]  5.407MB/8.069MB
 eb77aa907276 Downloading [=====================>                             ]    389MB/907.7MB
 9739ced65621 Extracting [===============================================>   ]  7.668MB/8.069MB
 9739ced65621 Extracting [==================================================>]  8.069MB/8.069MB
 9739ced65621 Pull complete 
 ae3bb1b347a4 Extracting [=>                                                 ]  32.77kB/1.196MB
 eb77aa907276 Downloading [=====================>                             ]  394.4MB/907.7MB
 ae3bb1b347a4 Extracting [==================================================>]  1.196MB/1.196MB
 ae3bb1b347a4 Extracting [==================================================>]  1.196MB/1.196MB
 ae3bb1b347a4 Pull complete 
 f8406d9c00ea Extracting [==================================================>]     116B/116B
 f8406d9c00ea Extracting [==================================================>]     116B/116B
 f8406d9c00ea Pull complete 
 c199bff16b05 Extracting [==================================================>]  3.145kB/3.145kB
 c199bff16b05 Extracting [==================================================>]  3.145kB/3.145kB
 c199bff16b05 Pull complete 
 eb77aa907276 Downloading [=====================>                             ]  397.6MB/907.7MB
 e0d55fdb4d15 Extracting [>                                                  ]  557.1kB/109MB
 eb77aa907276 Downloading [======================>                            ]  401.3MB/907.7MB
 e0d55fdb4d15 Extracting [===>                                               ]  7.242MB/109MB
 eb77aa907276 Downloading [======================>                            ]  410.4MB/907.7MB
 e0d55fdb4d15 Extracting [====>                                              ]  10.58MB/109MB
 eb77aa907276 Downloading [=======================>                           ]  419.5MB/907.7MB
 e0d55fdb4d15 Extracting [=======>                                           ]   15.6MB/109MB
 eb77aa907276 Downloading [=======================>                           ]  430.2MB/907.7MB
 e0d55fdb4d15 Extracting [=========>                                         ]  20.05MB/109MB
 eb77aa907276 Downloading [========================>                          ]  440.4MB/907.7MB
 e0d55fdb4d15 Extracting [===========>                                       ]  25.07MB/109MB
 eb77aa907276 Downloading [========================>                          ]  452.1MB/907.7MB
 e0d55fdb4d15 Extracting [==============>                                    ]  32.31MB/109MB
 eb77aa907276 Downloading [=========================>                         ]  459.6MB/907.7MB
 e0d55fdb4d15 Extracting [==================>                                ]  41.22MB/109MB
 eb77aa907276 Downloading [=========================>                         ]  467.5MB/907.7MB
 e0d55fdb4d15 Extracting [=======================>                           ]  50.14MB/109MB
 eb77aa907276 Downloading [==========================>                        ]  473.4MB/907.7MB
 e0d55fdb4d15 Extracting [=========================>                         ]  54.59MB/109MB
 eb77aa907276 Downloading [==========================>                        ]  480.9MB/907.7MB
 e0d55fdb4d15 Extracting [===========================>                       ]  60.16MB/109MB
 eb77aa907276 Downloading [==========================>                        ]  487.3MB/907.7MB
 e0d55fdb4d15 Extracting [================================>                  ]  70.19MB/109MB
 eb77aa907276 Downloading [===========================>                       ]  493.2MB/907.7MB
 e0d55fdb4d15 Extracting [====================================>              ]   79.1MB/109MB
 e0d55fdb4d15 Extracting [========================================>          ]  88.01MB/109MB
 e0d55fdb4d15 Extracting [==========================================>        ]  93.03MB/109MB
 e0d55fdb4d15 Extracting [============================================>      ]  96.93MB/109MB
 eb77aa907276 Downloading [===========================>                       ]  498.5MB/907.7MB
 e0d55fdb4d15 Extracting [==============================================>    ]  100.3MB/109MB
 eb77aa907276 Downloading [===========================>                       ]  502.8MB/907.7MB
 eb77aa907276 Downloading [===========================>                       ]    506MB/907.7MB
 e0d55fdb4d15 Extracting [===============================================>   ]  103.6MB/109MB
 eb77aa907276 Downloading [============================>                      ]  509.8MB/907.7MB
 e0d55fdb4d15 Extracting [================================================>  ]  105.3MB/109MB
 eb77aa907276 Downloading [============================>                      ]    514MB/907.7MB
 eb77aa907276 Downloading [============================>                      ]  522.6MB/907.7MB
 e0d55fdb4d15 Extracting [=================================================> ]  107.5MB/109MB
 eb77aa907276 Downloading [=============================>                     ]  526.9MB/907.7MB
 e0d55fdb4d15 Extracting [==================================================>]    109MB/109MB
 eb77aa907276 Downloading [=============================>                     ]  538.6MB/907.7MB
 eb77aa907276 Downloading [==============================>                    ]  548.3MB/907.7MB
 eb77aa907276 Downloading [==============================>                    ]  555.8MB/907.7MB
 eb77aa907276 Downloading [==============================>                    ]  559.5MB/907.7MB
 eb77aa907276 Downloading [===============================>                   ]  569.2MB/907.7MB
 eb77aa907276 Downloading [===============================>                   ]  577.2MB/907.7MB
 eb77aa907276 Downloading [================================>                  ]  584.6MB/907.7MB
 eb77aa907276 Downloading [================================>                  ]  597.4MB/907.7MB
 eb77aa907276 Downloading [=================================>                 ]  605.9MB/907.7MB
 eb77aa907276 Downloading [=================================>                 ]  617.2MB/907.7MB
 e0d55fdb4d15 Pull complete 
 c1cb13b19080 Extracting [==================================================>]  9.925kB/9.925kB
 c1cb13b19080 Extracting [==================================================>]  9.925kB/9.925kB
 eb77aa907276 Downloading [==================================>                ]  622.5MB/907.7MB
 c1cb13b19080 Pull complete 
 873532e5f8c7 Extracting [==================================================>]     128B/128B
 873532e5f8c7 Extracting [==================================================>]     128B/128B
 873532e5f8c7 Pull complete 
 050d9f8c3b1c Extracting [==================================================>]     169B/169B
 050d9f8c3b1c Extracting [==================================================>]     169B/169B
 050d9f8c3b1c Pull complete 
 710e142705f8 Extracting [==================================================>]  5.421kB/5.421kB
 710e142705f8 Extracting [==================================================>]  5.421kB/5.421kB
 710e142705f8 Pull complete 
 cb628c265f09 Extracting [==================================================>]     184B/184B
 cb628c265f09 Extracting [==================================================>]     184B/184B
 cb628c265f09 Pull complete 
 postgresql Pulled 
 eb77aa907276 Downloading [==================================>                ]  628.9MB/907.7MB
 eb77aa907276 Downloading [===================================>               ]  637.4MB/907.7MB
 eb77aa907276 Downloading [===================================>               ]    646MB/907.7MB
 eb77aa907276 Downloading [===================================>               ]  651.9MB/907.7MB
 eb77aa907276 Downloading [====================================>              ]  663.6MB/907.7MB
 eb77aa907276 Downloading [=====================================>             ]  672.1MB/907.7MB
 eb77aa907276 Downloading [=====================================>             ]  677.4MB/907.7MB
 eb77aa907276 Downloading [=====================================>             ]  686.5MB/907.7MB
 eb77aa907276 Downloading [======================================>            ]    694MB/907.7MB
 eb77aa907276 Downloading [======================================>            ]  696.7MB/907.7MB
 eb77aa907276 Downloading [======================================>            ]  699.4MB/907.7MB
 eb77aa907276 Downloading [======================================>            ]  702.6MB/907.7MB
 eb77aa907276 Downloading [======================================>            ]  707.4MB/907.7MB
 eb77aa907276 Downloading [=======================================>           ]  716.5MB/907.7MB
 eb77aa907276 Downloading [=======================================>           ]  720.2MB/907.7MB
 eb77aa907276 Downloading [=======================================>           ]  722.9MB/907.7MB
 eb77aa907276 Downloading [=======================================>           ]  726.1MB/907.7MB
 eb77aa907276 Downloading [========================================>          ]  727.7MB/907.7MB
 eb77aa907276 Downloading [========================================>          ]  735.1MB/907.7MB
 eb77aa907276 Downloading [========================================>          ]  743.7MB/907.7MB
 eb77aa907276 Downloading [=========================================>         ]    749MB/907.7MB
 eb77aa907276 Downloading [=========================================>         ]  758.6MB/907.7MB
 eb77aa907276 Downloading [==========================================>        ]  766.6MB/907.7MB
 eb77aa907276 Downloading [==========================================>        ]  769.8MB/907.7MB
 eb77aa907276 Downloading [==========================================>        ]  774.1MB/907.7MB
 eb77aa907276 Downloading [===========================================>       ]  785.2MB/907.7MB
 eb77aa907276 Downloading [===========================================>       ]  792.7MB/907.7MB
 eb77aa907276 Downloading [===========================================>       ]  796.5MB/907.7MB
 eb77aa907276 Downloading [============================================>      ]  799.7MB/907.7MB
 eb77aa907276 Downloading [============================================>      ]  801.8MB/907.7MB
 eb77aa907276 Downloading [============================================>      ]  804.5MB/907.7MB
 eb77aa907276 Downloading [============================================>      ]  815.7MB/907.7MB
 eb77aa907276 Downloading [=============================================>     ]    828MB/907.7MB
 eb77aa907276 Downloading [==============================================>    ]  837.6MB/907.7MB
 eb77aa907276 Downloading [==============================================>    ]  846.1MB/907.7MB
 eb77aa907276 Downloading [===============================================>   ]  856.8MB/907.7MB
 eb77aa907276 Downloading [===============================================>   ]  865.3MB/907.7MB
 eb77aa907276 Downloading [===============================================>   ]  870.1MB/907.7MB
 eb77aa907276 Downloading [================================================>  ]  884.5MB/907.7MB
 eb77aa907276 Downloading [=================================================> ]  890.9MB/907.7MB
 eb77aa907276 Downloading [=================================================> ]  895.2MB/907.7MB
 eb77aa907276 Downloading [=================================================> ]  902.7MB/907.7MB
 eb77aa907276 Verifying Checksum 
 eb77aa907276 Download complete 
 eb77aa907276 Extracting [>                                                  ]  557.1kB/907.7MB
 eb77aa907276 Extracting [=>                                                 ]  23.95MB/907.7MB
 eb77aa907276 Extracting [==>                                                ]  46.24MB/907.7MB
 eb77aa907276 Extracting [===>                                               ]  70.75MB/907.7MB
 eb77aa907276 Extracting [====>                                              ]  82.44MB/907.7MB
 eb77aa907276 Extracting [=====>                                             ]  94.14MB/907.7MB
 eb77aa907276 Extracting [=====>                                             ]  103.1MB/907.7MB
 eb77aa907276 Extracting [======>                                            ]  112.5MB/907.7MB
 eb77aa907276 Extracting [======>                                            ]  121.4MB/907.7MB
 eb77aa907276 Extracting [=======>                                           ]  130.4MB/907.7MB
 eb77aa907276 Extracting [=======>                                           ]  138.7MB/907.7MB
 eb77aa907276 Extracting [========>                                          ]  145.9MB/907.7MB
 eb77aa907276 Extracting [========>                                          ]  154.3MB/907.7MB
 eb77aa907276 Extracting [=========>                                         ]  166.6MB/907.7MB
 eb77aa907276 Extracting [==========>                                        ]  188.3MB/907.7MB
 eb77aa907276 Extracting [===========>                                       ]  208.9MB/907.7MB
 eb77aa907276 Extracting [============>                                      ]    220MB/907.7MB
 eb77aa907276 Extracting [============>                                      ]  230.6MB/907.7MB
 eb77aa907276 Extracting [=============>                                     ]  240.6MB/907.7MB
 eb77aa907276 Extracting [==============>                                    ]  255.7MB/907.7MB
 eb77aa907276 Extracting [===============>                                   ]  277.4MB/907.7MB
 eb77aa907276 Extracting [================>                                  ]  301.4MB/907.7MB
 eb77aa907276 Extracting [=================>                                 ]  322.5MB/907.7MB
 eb77aa907276 Extracting [==================>                                ]  343.1MB/907.7MB
 eb77aa907276 Extracting [===================>                               ]  360.4MB/907.7MB
 eb77aa907276 Extracting [====================>                              ]  368.2MB/907.7MB
 eb77aa907276 Extracting [====================>                              ]  377.7MB/907.7MB
 eb77aa907276 Extracting [=====================>                             ]  398.9MB/907.7MB
 eb77aa907276 Extracting [=======================>                           ]  423.4MB/907.7MB
 eb77aa907276 Extracting [========================>                          ]  451.2MB/907.7MB
 eb77aa907276 Extracting [==========================>                        ]  478.5MB/907.7MB
 eb77aa907276 Extracting [===========================>                       ]  506.4MB/907.7MB
 eb77aa907276 Extracting [=============================>                     ]  534.2MB/907.7MB
 eb77aa907276 Extracting [==============================>                    ]  562.1MB/907.7MB
 eb77aa907276 Extracting [================================>                  ]  587.7MB/907.7MB
 eb77aa907276 Extracting [=================================>                 ]  613.9MB/907.7MB
 eb77aa907276 Extracting [===================================>               ]  641.2MB/907.7MB
 eb77aa907276 Extracting [====================================>              ]  668.5MB/907.7MB
 eb77aa907276 Extracting [======================================>            ]  695.8MB/907.7MB
 eb77aa907276 Extracting [=======================================>           ]  719.7MB/907.7MB
 eb77aa907276 Extracting [=========================================>         ]  744.8MB/907.7MB
 eb77aa907276 Extracting [==========================================>        ]  766.5MB/907.7MB
 eb77aa907276 Extracting [===========================================>       ]  787.7MB/907.7MB
 eb77aa907276 Extracting [============================================>      ]  808.8MB/907.7MB
 eb77aa907276 Extracting [=============================================>     ]  829.5MB/907.7MB
 eb77aa907276 Extracting [==============================================>    ]  851.2MB/907.7MB
 eb77aa907276 Extracting [================================================>  ]  871.8MB/907.7MB
 eb77aa907276 Extracting [=================================================> ]  894.6MB/907.7MB
 eb77aa907276 Extracting [==================================================>]  907.7MB/907.7MB
 eb77aa907276 Pull complete 
 4f4fb700ef54 Extracting [==================================================>]      32B/32B
 4f4fb700ef54 Extracting [==================================================>]      32B/32B
 4f4fb700ef54 Pull complete 
 0ffa8f8aba1e Extracting [==================================================>]     226B/226B
 0ffa8f8aba1e Extracting [==================================================>]     226B/226B
 0ffa8f8aba1e Pull complete 
 2e81b9cb93cd Extracting [==================================================>]  1.859kB/1.859kB
 2e81b9cb93cd Extracting [==================================================>]  1.859kB/1.859kB
 2e81b9cb93cd Pull complete 
 opensearch Pulled 
 Network docker_services_cli_default  Creating
 Network docker_services_cli_default  Created
 Container docker_services_cli-redis-1  Creating
 Container docker_services_cli-postgresql-1  Creating
 Container docker_services_cli-opensearch-1  Creating
 Container docker_services_cli-opensearch-1  Created
 Container docker_services_cli-redis-1  Created
 Container docker_services_cli-postgresql-1  Created
 Container docker_services_cli-opensearch-1  Starting
 Container docker_services_cli-redis-1  Starting
 Container docker_services_cli-postgresql-1  Starting
 Container docker_services_cli-postgresql-1  Started
 Container docker_services_cli-redis-1  Started
 Container docker_services_cli-opensearch-1  Started
::warning file=/home/runner/work/invenio-testrig/invenio-testrig/workdir/tests/invenio-communities/patched/.venv/lib/python3.14/site-packages/edtf/parser/grammar.py,line=9::'enablePackrat' deprecated - use 'enable_packrat'
::warning file=/home/runner/work/invenio-testrig/invenio-testrig/workdir/tests/invenio-communities/patched/.venv/lib/python3.14/site-packages/edtf/parser/grammar.py,line=52::'oneOf' deprecated - use 'one_of'
::warning file=/home/runner/work/invenio-testrig/invenio-testrig/workdir/tests/invenio-communities/patched/.venv/lib/python3.14/site-packages/edtf/parser/grammar.py,line=53::'oneOf' deprecated - use 'one_of'
::warning file=/home/runner/work/invenio-testrig/invenio-testrig/workdir/tests/invenio-communities/patched/.venv/lib/python3.14/site-packages/edtf/parser/grammar.py,line=54::'oneOf' deprecated - use 'one_of'
::warning file=/home/runner/work/invenio-testrig/invenio-testrig/workdir/tests/invenio-communities/patched/.venv/lib/python3.14/site-packages/edtf/parser/grammar.py,line=55::'oneOf' deprecated - use 'one_of'
::warning file=/home/runner/work/invenio-testrig/invenio-testrig/workdir/tests/invenio-communities/patched/.venv/lib/python3.14/site-packages/edtf/parser/grammar.py,line=56::'oneOf' deprecated - use 'one_of'
::warning file=/home/runner/work/invenio-testrig/invenio-testrig/workdir/tests/invenio-communities/patched/.venv/lib/python3.14/site-packages/edtf/parser/grammar.py,line=57::'oneOf' deprecated - use 'one_of'
::warning file=/home/runner/work/invenio-testrig/invenio-testrig/workdir/tests/invenio-communities/patched/.venv/lib/python3.14/site-packages/edtf/parser/grammar.py,line=58::'oneOf' deprecated - use 'one_of'
::warning file=/home/runner/work/invenio-testrig/invenio-testrig/workdir/tests/invenio-communities/patched/.venv/lib/python3.14/site-packages/edtf/parser/grammar.py,line=59::'oneOf' deprecated - use 'one_of'
::warning file=/home/runner/work/invenio-testrig/invenio-testrig/workdir/tests/invenio-communities/patched/.venv/lib/python3.14/site-packages/edtf/parser/grammar.py,line=60::'oneOf' deprecated - use 'one_of'
::warning file=/home/runner/work/invenio-testrig/invenio-testrig/workdir/tests/invenio-communities/patched/.venv/lib/python3.14/site-packages/edtf/parser/grammar.py,line=63::'excludeChars' argument is deprecated, use 'exclude_chars'
::warning file=/home/runner/work/invenio-testrig/invenio-testrig/workdir/tests/invenio-communities/patched/.venv/lib/python3.14/site-packages/edtf/parser/grammar.py,line=73::'oneOf' deprecated - use 'one_of'
::warning file=/home/runner/work/invenio-testrig/invenio-testrig/workdir/tests/invenio-communities/patched/.venv/lib/python3.14/site-packages/edtf/parser/grammar.py,line=74::'oneOf' deprecated - use 'one_of'
::warning file=/home/runner/work/invenio-testrig/invenio-testrig/workdir/tests/invenio-communities/patched/.venv/lib/python3.14/site-packages/edtf/parser/parser_classes.py,line=103::'addParseAction' deprecated - use 'add_parse_action'
::warning file=/home/runner/work/invenio-testrig/invenio-testrig/workdir/tests/invenio-communities/patched/.venv/lib/python3.14/site-packages/edtf/parser/parser_classes.py,line=103::'addParseAction' deprecated - use 'add_parse_action'
::warning file=/home/runner/work/invenio-testrig/invenio-testrig/workdir/tests/invenio-communities/patched/.venv/lib/python3.14/site-packages/edtf/parser/parser_classes.py,line=103::'addParseAction' deprecated - use 'add_parse_action'
::warning file=/home/runner/work/invenio-testrig/invenio-testrig/workdir/tests/invenio-communities/patched/.venv/lib/python3.14/site-packages/edtf/parser/grammar.py,line=119::'oneOf' deprecated - use 'one_of'
::warning file=/home/runner/work/invenio-testrig/invenio-testrig/workdir/tests/invenio-communities/patched/.venv/lib/python3.14/site-packages/edtf/parser/parser_classes.py,line=103::'addParseAction' deprecated - use 'add_parse_action'
::warning file=/home/runner/work/invenio-testrig/invenio-testrig/workdir/tests/invenio-communities/patched/.venv/lib/python3.14/site-packages/edtf/parser/grammar.py,line=122::'oneOf' deprecated - use 'one_of'
::warning file=/home/runner/work/invenio-testrig/invenio-testrig/workdir/tests/invenio-communities/patched/.venv/lib/python3.14/site-packages/edtf/parser/parser_classes.py,line=103::'addParseAction' deprecated - use 'add_parse_action'
::warning file=/home/runner/work/invenio-testrig/invenio-testrig/workdir/tests/invenio-communities/patched/.venv/lib/python3.14/site-packages/edtf/parser/parser_classes.py,line=103::'addParseAction' deprecated - use 'add_parse_action'
::warning file=/home/runner/work/invenio-testrig/invenio-testrig/workdir/tests/invenio-communities/patched/.venv/lib/python3.14/site-packages/edtf/parser/grammar.py,line=155::'addParseAction' deprecated - use 'add_parse_action'
::warning file=/home/runner/work/invenio-testrig/invenio-testrig/workdir/tests/invenio-communities/patched/.venv/lib/python3.14/site-packages/edtf/parser/grammar.py,line=157::'addParseAction' deprecated - use 'add_parse_action'
::warning file=/home/runner/work/invenio-testrig/invenio-testrig/workdir/tests/invenio-communities/patched/.venv/lib/python3.14/site-packages/edtf/parser/parser_classes.py,line=103::'addParseAction' deprecated - use 'add_parse_action'
::warning file=/home/runner/work/invenio-testrig/invenio-testrig/workdir/tests/invenio-communities/patched/.venv/lib/python3.14/site-packages/edtf/parser/parser_classes.py,line=103::'addParseAction' deprecated - use 'add_parse_action'
::warning file=/home/runner/work/invenio-testrig/invenio-testrig/workdir/tests/invenio-communities/patched/.venv/lib/python3.14/site-packages/edtf/parser/parser_classes.py,line=103::'addParseAction' deprecated - use 'add_parse_action'
::warning file=/home/runner/work/invenio-testrig/invenio-testrig/workdir/tests/invenio-communities/patched/.venv/lib/python3.14/site-packages/edtf/parser/grammar.py,line=199::'oneOf' deprecated - use 'one_of'
::warning file=/home/runner/work/invenio-testrig/invenio-testrig/workdir/tests/invenio-communities/patched/.venv/lib/python3.14/site-packages/edtf/parser/parser_classes.py,line=103::'addParseAction' deprecated - use 'add_parse_action'
::warning file=/home/runner/work/invenio-testrig/invenio-testrig/workdir/tests/invenio-communities/patched/.venv/lib/python3.14/site-packages/edtf/parser/parser_classes.py,line=103::'addParseAction' deprecated - use 'add_parse_action'
::warning file=/home/runner/work/invenio-testrig/invenio-testrig/workdir/tests/invenio-communities/patched/.venv/lib/python3.14/site-packages/edtf/parser/parser_classes.py,line=103::'addParseAction' deprecated - use 'add_parse_action'
::warning file=/home/runner/work/invenio-testrig/invenio-testrig/workdir/tests/invenio-communities/patched/.venv/lib/python3.14/site-packages/edtf/parser/parser_classes.py,line=103::'addParseAction' deprecated - use 'add_parse_action'
::warning file=/home/runner/work/invenio-testrig/invenio-testrig/workdir/tests/invenio-communities/patched/.venv/lib/python3.14/site-packages/edtf/parser/parser_classes.py,line=103::'addParseAction' deprecated - use 'add_parse_action'
::warning file=/home/runner/work/invenio-testrig/invenio-testrig/workdir/tests/invenio-communities/patched/.venv/lib/python3.14/site-packages/edtf/parser/grammar.py,line=303::'addParseAction' deprecated - use 'add_parse_action'
::warning file=/home/runner/work/invenio-testrig/invenio-testrig/workdir/tests/invenio-communities/patched/.venv/lib/python3.14/site-packages/edtf/parser/grammar.py,line=303::'addParseAction' deprecated - use 'add_parse_action'
::warning file=/home/runner/work/invenio-testrig/invenio-testrig/workdir/tests/invenio-communities/patched/.venv/lib/python3.14/site-packages/edtf/parser/grammar.py,line=304::'addParseAction' deprecated - use 'add_parse_action'
::warning file=/home/runner/work/invenio-testrig/invenio-testrig/workdir/tests/invenio-communities/patched/.venv/lib/python3.14/site-packages/edtf/parser/grammar.py,line=304::'addParseAction' deprecated - use 'add_parse_action'
::warning file=/home/runner/work/invenio-testrig/invenio-testrig/workdir/tests/invenio-communities/patched/.venv/lib/python3.14/site-packages/edtf/parser/parser_classes.py,line=103::'addParseAction' deprecated - use 'add_parse_action'
::warning file=/home/runner/work/invenio-testrig/invenio-testrig/workdir/tests/invenio-communities/patched/.venv/lib/python3.14/site-packages/edtf/parser/parser_classes.py,line=103::'addParseAction' deprecated - use 'add_parse_action'
::warning file=/home/runner/work/invenio-testrig/invenio-testrig/workdir/tests/invenio-communities/patched/.venv/lib/python3.14/site-packages/edtf/parser/parser_classes.py,line=103::'addParseAction' deprecated - use 'add_parse_action'
::warning file=/home/runner/work/invenio-testrig/invenio-testrig/workdir/tests/invenio-communities/patched/.venv/lib/python3.14/site-packages/edtf/parser/parser_classes.py,line=103::'addParseAction' deprecated - use 'add_parse_action'
::warning file=/home/runner/work/invenio-testrig/invenio-testrig/workdir/tests/invenio-communities/patched/.venv/lib/python3.14/site-packages/edtf/parser/grammar.py,line=325::'oneOf' deprecated - use 'one_of'
::warning file=/home/runner/work/invenio-testrig/invenio-testrig/workdir/tests/invenio-communities/patched/.venv/lib/python3.14/site-packages/edtf/parser/parser_classes.py,line=103::'addParseAction' deprecated - use 'add_parse_action'
::warning file=/home/runner/work/invenio-testrig/invenio-testrig/workdir/tests/invenio-communities/patched/.venv/lib/python3.14/site-packages/invenio_requests/services/files/config.py,line=64::Link is deprecated and will be removed in v14.0. Use `ExternalLink` for third-party links and `EndpointLink` for InvenioRDM links.
::warning file=/home/runner/work/invenio-testrig/invenio-testrig/workdir/tests/invenio-communities/patched/.venv/lib/python3.14/site-packages/invenio_requests/services/files/config.py,line=65::Link is deprecated and will be removed in v14.0. Use `ExternalLink` for third-party links and `EndpointLink` for InvenioRDM links.
::warning file=/home/runner/work/invenio-testrig/invenio-testrig/workdir/tests/invenio-communities/patched/.venv/lib/python3.14/site-packages/invenio_requests/services/files/config.py,line=66::Link is deprecated and will be removed in v14.0. Use `ExternalLink` for third-party links and `EndpointLink` for InvenioRDM links.
::warning file=/home/runner/work/invenio-testrig/invenio-testrig/workdir/tests/invenio-communities/patched/.venv/lib/python3.14/site-packages/invenio_vocabularies/config.py,line=15::Implicit imports (e.g., 'import idutils; idutils.function;') might be removed in the next major version. Please use explicit imports (e.g., 'from idutils import function;') instead.
============================= test session starts ==============================
platform linux -- Python 3.14.2, pytest-8.4.2, pluggy-1.6.0
rootdir: /home/runner/work/invenio-testrig/invenio-testrig/workdir/tests/invenio-communities/patched
configfile: setup.cfg
plugins: invenio-4.0.0, isort-4.0.0, flask-1.3.0, github-actions-annotate-failures-0.3.0, pydocstyle-2.4.0, cov-7.0.0, black-0.6.0, pycodestyle-2.5.0, Faker-40.5.1
collected 258 items

tests/cache/test_identity_redis_cache.py ....                            [  1%]
tests/communities/test_alembic.py s                                      [  1%]
tests/communities/test_cli.py .::warning file=/home/runner/work/invenio-testrig/invenio-testrig/workdir/tests/invenio-communities/patched/.venv/lib/python3.14/site-packages/invenio_rest/ext.py,line=29::CSRF validation will be enabled by default in the version 1.3.x
::warning file=/home/runner/work/invenio-testrig/invenio-testrig/workdir/tests/invenio-communities/patched/.venv/lib/python3.14/site-packages/invenio_oaiserver/ext.py,line=169::Please specify the OAISERVER_ID_PREFIX configuration.default value is: oai:runnervmnay03:
.                                         [  2%]
tests/communities/test_community_ui_serializer.py .::warning file=/home/runner/work/invenio-testrig/invenio-testrig/workdir/tests/invenio-communities/patched/.venv/lib/python3.14/site-packages/invenio_rest/ext.py,line=29::CSRF validation will be enabled by default in the version 1.3.x
::warning file=/home/runner/work/invenio-testrig/invenio-testrig/workdir/tests/invenio-communities/patched/.venv/lib/python3.14/site-packages/invenio_oaiserver/ext.py,line=169::Please specify the OAISERVER_ID_PREFIX configuration.default value is: oai:runnervmnay03:
                      [  3%]
tests/communities/test_components.py .::warning file=/home/runner/work/invenio-testrig/invenio-testrig/workdir/tests/invenio-communities/patched/.venv/lib/python3.14/site-packages/invenio_rest/ext.py,line=29::CSRF validation will be enabled by default in the version 1.3.x
::warning file=/home/runner/work/invenio-testrig/invenio-testrig/workdir/tests/invenio-communities/patched/.venv/lib/python3.14/site-packages/invenio_oaiserver/ext.py,line=169::Please specify the OAISERVER_ID_PREFIX configuration.default value is: oai:runnervmnay03:
.....                              [  5%]
tests/communities/test_parent_community.py .::warning file=/home/runner/work/invenio-testrig/invenio-testrig/workdir/tests/invenio-communities/patched/.venv/lib/python3.14/site-packages/invenio_rest/ext.py,line=29::CSRF validation will be enabled by default in the version 1.3.x
::warning file=/home/runner/work/invenio-testrig/invenio-testrig/workdir/tests/invenio-communities/patched/.venv/lib/python3.14/site-packages/invenio_oaiserver/ext.py,line=169::Please specify the OAISERVER_ID_PREFIX configuration.default value is: oai:runnervmnay03:
.....                        [  7%]
tests/communities/test_permissions.py .::warning file=/home/runner/work/invenio-testrig/invenio-testrig/workdir/tests/invenio-communities/patched/.venv/lib/python3.14/site-packages/invenio_rest/ext.py,line=29::CSRF validation will be enabled by default in the version 1.3.x
::warning file=/home/runner/work/invenio-testrig/invenio-testrig/workdir/tests/invenio-communities/patched/.venv/lib/python3.14/site-packages/invenio_oaiserver/ext.py,line=169::Please specify the OAISERVER_ID_PREFIX configuration.default value is: oai:runnervmnay03:
                                  [  8%]
tests/communities/test_relations_organizations.py .::warning file=/home/runner/work/invenio-testrig/invenio-testrig/workdir/tests/invenio-communities/patched/.venv/lib/python3.14/site-packages/invenio_rest/ext.py,line=29::CSRF validation will be enabled by default in the version 1.3.x
::warning file=/home/runner/work/invenio-testrig/invenio-testrig/workdir/tests/invenio-communities/patched/.venv/lib/python3.14/site-packages/invenio_oaiserver/ext.py,line=169::Please specify the OAISERVER_ID_PREFIX configuration.default value is: oai:runnervmnay03:
.....                 [ 10%]
tests/communities/test_relations_types.py .::warning file=/home/runner/work/invenio-testrig/invenio-testrig/workdir/tests/invenio-communities/patched/.venv/lib/python3.14/site-packages/invenio_rest/ext.py,line=29::CSRF validation will be enabled by default in the version 1.3.x
::warning file=/home/runner/work/invenio-testrig/invenio-testrig/workdir/tests/invenio-communities/patched/.venv/lib/python3.14/site-packages/invenio_oaiserver/ext.py,line=169::Please specify the OAISERVER_ID_PREFIX configuration.default value is: oai:runnervmnay03:
.....                         [ 12%]
tests/communities/test_resources.py .::warning file=/home/runner/work/invenio-testrig/invenio-testrig/workdir/tests/invenio-communities/patched/.venv/lib/python3.14/site-packages/invenio_rest/ext.py,line=29::CSRF validation will be enabled by default in the version 1.3.x
::warning file=/home/runner/work/invenio-testrig/invenio-testrig/workdir/tests/invenio-communities/patched/.venv/lib/python3.14/site-packages/invenio_oaiserver/ext.py,line=169::Please specify the OAISERVER_ID_PREFIX configuration.default value is: oai:runnervmnay03:
..................                  [ 20%]
tests/communities/test_services.py .::warning file=/home/runner/work/invenio-testrig/invenio-testrig/workdir/tests/invenio-communities/patched/.venv/lib/python3.14/site-packages/invenio_rest/ext.py,line=29::CSRF validation will be enabled by default in the version 1.3.x
::warning file=/home/runner/work/invenio-testrig/invenio-testrig/workdir/tests/invenio-communities/patched/.venv/lib/python3.14/site-packages/invenio_oaiserver/ext.py,line=169::Please specify the OAISERVER_ID_PREFIX configuration.default value is: oai:runnervmnay03:
.....................                [ 28%]
tests/communities/test_subcommunities.py .::warning file=/home/runner/work/invenio-testrig/invenio-testrig/workdir/tests/invenio-communities/patched/.venv/lib/python3.14/site-packages/invenio_rest/ext.py,line=29::CSRF validation will be enabled by default in the version 1.3.x
::warning file=/home/runner/work/invenio-testrig/invenio-testrig/workdir/tests/invenio-communities/patched/.venv/lib/python3.14/site-packages/invenio_oaiserver/ext.py,line=169::Please specify the OAISERVER_ID_PREFIX configuration.default value is: oai:runnervmnay03:
..::error file=workdir/tests/invenio-communities/patched/tests/communities/test_subcommunities.py,line=190::test_subcommunity_simple_flow%0A%0Aassert {'created': '...': True}, ...} == {'created': '...c639a09', ...}%0A  %0A  Omitting 18 identical items, use -vv to show%0A  Left contains 1 more item:%0A  {'files': {'enabled': True}}%0A  %0A  Full diff:%0A    {%0A        'created': '2026-02-25T19:56:13.092637+00:00',%0A        'created_by': {%0A            'community': '855bd32d-6670-48d6-95d1-f275849bc1dc',%0A        },%0A        'expires_at': None,%0A  +     'files': {%0A  +         'enabled': True,%0A  +     },%0A        'id': 'ab136cbf-6bce-4741-8ac5-68776c639a09',%0A        'is_closed': False,%0A        'is_expired': False,%0A        'is_open': True,%0A        'last_activity_at': '2026-02-25T19:56:13.097836+00:00',%0A        'last_reply': None,%0A        'links': {%0A            'actions': {%0A                'cancel': 'https://127.0.0.1:5000/api/requests/ab136cbf-6bce-4741-8ac5-68776c639a09/actions/cancel',%0A            },%0A            'comments': 'https://127.0.0.1:5000/api/requests/ab136cbf-6bce-4741-8ac5-68776c639a09/comments',%0A            'lock': 'https://127.0.0.1:5000/api/requests/ab136cbf-6bce-4741-8ac5-68776c639a09/lock',%0A            'self': 'https://127.0.0.1:5000/api/requests/ab136cbf-6bce-4741-8ac5-68776c639a09',%0A            'timeline': 'https://127.0.0.1:5000/api/requests/ab136cbf-6bce-4741-8ac5-68776c639a09/timeline',%0A            'timeline_focused': 'https://127.0.0.1:5000/api/requests/ab136cbf-6bce-4741-8ac5-68776c639a09/timeline_focused',%0A            'unlock': 'https://127.0.0.1:5000/api/requests/ab136cbf-6bce-4741-8ac5-68776c639a09/unlock',%0A        },%0A        'number': '3',%0A        'receiver': {%0A            'community': '2f583b2e-b172-40c8-9bf9-352cb9f66be5',%0A        },%0A        'revision_id': 2,%0A        'status': 'submitted',%0A        'title': 'Inclusion of subcommunity "Test community"',%0A        'topic': {%0A            'community': '855bd32d-6670-48d6-95d1-f275849bc1dc',%0A        },%0A        'type': 'subcommunity',%0A        'updated': '2026-02-25T19:56:13.097836+00:00',%0A    }
F::error file=workdir/tests/invenio-communities/patched/tests/communities/test_subcommunities.py,line=312::test_subcommunity_existing_child_flow%0A%0Aassert {'created': '...': True}, ...} == {'created': '...17e7d25', ...}%0A  %0A  Omitting 18 identical items, use -vv to show%0A  Left contains 1 more item:%0A  {'files': {'enabled': True}}%0A  %0A  Full diff:%0A    {%0A        'created': '2026-02-25T19:56:13.598483+00:00',%0A        'created_by': {%0A            'community': 'e46af301-a4f6-469b-bcb7-b3754859f6db',%0A        },%0A        'expires_at': None,%0A  +     'files': {%0A  +         'enabled': True,%0A  +     },%0A        'id': '846328b7-36c5-4c57-b681-d391417e7d25',%0A        'is_closed': False,%0A        'is_expired': False,%0A        'is_open': True,%0A        'last_activity_at': '2026-02-25T19:56:13.603440+00:00',%0A        'last_reply': None,%0A        'links': {%0A            'actions': {%0A                'cancel': 'https://127.0.0.1:5000/api/requests/846328b7-36c5-4c57-b681-d391417e7d25/actions/cancel',%0A            },%0A            'comments': 'https://127.0.0.1:5000/api/requests/846328b7-36c5-4c57-b681-d391417e7d25/comments',%0A            'lock': 'https://127.0.0.1:5000/api/requests/846328b7-36c5-4c57-b681-d391417e7d25/lock',%0A            'self': 'https://127.0.0.1:5000/api/requests/846328b7-36c5-4c57-b681-d391417e7d25',%0A            'timeline': 'https://127.0.0.1:5000/api/requests/846328b7-36c5-4c57-b681-d391417e7d25/timeline',%0A            'timeline_focused': 'https://127.0.0.1:5000/api/requests/846328b7-36c5-4c57-b681-d391417e7d25/timeline_focused',%0A            'unlock': 'https://127.0.0.1:5000/api/requests/846328b7-36c5-4c57-b681-d391417e7d25/unlock',%0A        },%0A        'number': '4',%0A        'receiver': {%0A            'community': '56b914fb-e8ff-4798-9a1b-d86f2e09d5a5',%0A        },%0A        'revision_id': 2,%0A        'status': 'submitted',%0A        'title': 'Inclusion of subcommunity "Child Community"',%0A        'topic': {%0A            'community': 'e46af301-a4f6-469b-bcb7-b3754859f6db',%0A        },%0A        'type': 'subcommunity',%0A        'updated': '2026-02-25T19:56:13.603440+00:00',%0A    }
F                           [ 30%]
tests/communities/test_tombstone.py .::warning file=/home/runner/work/invenio-testrig/invenio-testrig/workdir/tests/invenio-communities/patched/.venv/lib/python3.14/site-packages/invenio_rest/ext.py,line=29::CSRF validation will be enabled by default in the version 1.3.x
::warning file=/home/runner/work/invenio-testrig/invenio-testrig/workdir/tests/invenio-communities/patched/.venv/lib/python3.14/site-packages/invenio_oaiserver/ext.py,line=169::Please specify the OAISERVER_ID_PREFIX configuration.default value is: oai:runnervmnay03:
......                              [ 33%]
tests/communities/test_ui.py .::warning file=/home/runner/work/invenio-testrig/invenio-testrig/workdir/tests/invenio-communities/patched/.venv/lib/python3.14/site-packages/invenio_rest/ext.py,line=29::CSRF validation will be enabled by default in the version 1.3.x
::warning file=/home/runner/work/invenio-testrig/invenio-testrig/workdir/tests/invenio-communities/patched/.venv/lib/python3.14/site-packages/invenio_oaiserver/ext.py,line=169::Please specify the OAISERVER_ID_PREFIX configuration.default value is: oai:runnervmnay03:
                                           [ 33%]
tests/members/test_members_components.py .::warning file=/home/runner/work/invenio-testrig/invenio-testrig/workdir/tests/invenio-communities/patched/.venv/lib/python3.14/site-packages/invenio_rest/ext.py,line=29::CSRF validation will be enabled by default in the version 1.3.x
::warning file=/home/runner/work/invenio-testrig/invenio-testrig/workdir/tests/invenio-communities/patched/.venv/lib/python3.14/site-packages/invenio_oaiserver/ext.py,line=169::Please specify the OAISERVER_ID_PREFIX configuration.default value is: oai:runnervmnay03:
....                           [ 35%]
tests/members/test_members_no_groups.py .::warning file=/home/runner/work/invenio-testrig/invenio-testrig/workdir/tests/invenio-communities/patched/.venv/lib/python3.14/site-packages/invenio_rest/ext.py,line=29::CSRF validation will be enabled by default in the version 1.3.x
::warning file=/home/runner/work/invenio-testrig/invenio-testrig/workdir/tests/invenio-communities/patched/.venv/lib/python3.14/site-packages/invenio_oaiserver/ext.py,line=169::Please specify the OAISERVER_ID_PREFIX configuration.default value is: oai:runnervmnay03:
.......                         [ 38%]
tests/members/test_members_notifications.py .::warning file=/home/runner/work/invenio-testrig/invenio-testrig/workdir/tests/invenio-communities/patched/.venv/lib/python3.14/site-packages/invenio_rest/ext.py,line=29::CSRF validation will be enabled by default in the version 1.3.x
::warning file=/home/runner/work/invenio-testrig/invenio-testrig/workdir/tests/invenio-communities/patched/.venv/lib/python3.14/site-packages/invenio_oaiserver/ext.py,line=169::Please specify the OAISERVER_ID_PREFIX configuration.default value is: oai:runnervmnay03:
....                        [ 40%]
tests/members/test_members_resource.py .::warning file=/home/runner/work/invenio-testrig/invenio-testrig/workdir/tests/invenio-communities/patched/.venv/lib/python3.14/site-packages/invenio_rest/ext.py,line=29::CSRF validation will be enabled by default in the version 1.3.x
::warning file=/home/runner/work/invenio-testrig/invenio-testrig/workdir/tests/invenio-communities/patched/.venv/lib/python3.14/site-packages/invenio_oaiserver/ext.py,line=169::Please specify the OAISERVER_ID_PREFIX configuration.default value is: oai:runnervmnay03:
................                 [ 47%]
tests/members/test_members_services.py .::warning file=/home/runner/work/invenio-testrig/invenio-testrig/workdir/tests/invenio-communities/patched/.venv/lib/python3.14/site-packages/invenio_rest/ext.py,line=29::CSRF validation will be enabled by default in the version 1.3.x
::warning file=/home/runner/work/invenio-testrig/invenio-testrig/workdir/tests/invenio-communities/patched/.venv/lib/python3.14/site-packages/invenio_oaiserver/ext.py,line=169::Please specify the OAISERVER_ID_PREFIX configuration.default value is: oai:runnervmnay03:
................................ [ 60%]
........................................................................ [ 87%]
...................                                                      [ 95%]
tests/records/test_mockrecords_api.py .::warning file=/home/runner/work/invenio-testrig/invenio-testrig/workdir/tests/invenio-communities/patched/.venv/lib/python3.14/site-packages/invenio_search/ext.py,line=128::OpenSearch v2 mappings files not found, falling back to Elasticsearch v7 mappings for module tests.records.mock_module.mappings. Please add the missing OpenSearch os-v2 mappings.
::warning file=/home/runner/work/invenio-testrig/invenio-testrig/workdir/tests/invenio-communities/patched/.venv/lib/python3.14/site-packages/invenio_rest/ext.py,line=29::CSRF validation will be enabled by default in the version 1.3.x
::warning file=/home/runner/work/invenio-testrig/invenio-testrig/workdir/tests/invenio-communities/patched/.venv/lib/python3.14/site-packages/invenio_oaiserver/ext.py,line=169::Please specify the OAISERVER_ID_PREFIX configuration.default value is: oai:runnervmnay03:
..........                        [ 99%]
tests/test_notifications.py .::warning file=/home/runner/work/invenio-testrig/invenio-testrig/workdir/tests/invenio-communities/patched/.venv/lib/python3.14/site-packages/invenio_rest/ext.py,line=29::CSRF validation will be enabled by default in the version 1.3.x
::warning file=/home/runner/work/invenio-testrig/invenio-testrig/workdir/tests/invenio-communities/patched/.venv/lib/python3.14/site-packages/invenio_oaiserver/ext.py,line=169::Please specify the OAISERVER_ID_PREFIX configuration.default value is: oai:runnervmnay03:
                                            [100%]

=================================== FAILURES ===================================
________________________ test_subcommunity_simple_flow _________________________

app = <Flask 'invenio'>
curator = <pytest_invenio.user.UserFixtureBase object at 0x7f10f0a314f0>
owner = <pytest_invenio.user.UserFixtureBase object at 0x7f10f0a32d00>
parent_community = <invenio_communities.communities.services.results.CommunityItem object at 0x7f10f802c4b0>

    def test_subcommunity_simple_flow(app, curator, owner, parent_community):
        """Test the basic workflow for a subcommunity request."""
        client = curator.login(app.test_client())
        payload = {
            "community": {
                "title": "Test community",
                "slug": "test-community",
            }
        }
        # Create a request
        res = client.post(
            f"/communities/{str(parent_community.id)}/actions/join-request",
            json=payload,
            headers={"content-type": "application/json"},
        )
        assert res.status_code == 201
        request_id = res.json["id"]
        new_community_id = res.json["topic"]["community"]
>       assert res.json == {
            "id": request_id,
            "number": res.json["number"],
            "created_by": {"community": new_community_id},
            "topic": {"community": new_community_id},
            "receiver": {"community": str(parent_community.id)},
            "type": "subcommunity",
            "status": "submitted",
            "title": 'Inclusion of subcommunity "Test community"',
            "created": res.json["created"],
            "updated": res.json["updated"],
            "expires_at": None,
            "revision_id": 2,
            "is_closed": False,
            "is_expired": False,
            "is_open": True,
            "last_reply": None,
            "last_activity_at": res.json["updated"],
            "links": {
                "actions": {
                    # The requester can only cancel the request
                    "cancel": f"https://127.0.0.1:5000/api/requests/{request_id}/actions/cancel",
                },
                "comments": f"https://127.0.0.1:5000/api/requests/{request_id}/comments",
                "self": f"https://127.0.0.1:5000/api/requests/{request_id}",
                "timeline": f"https://127.0.0.1:5000/api/requests/{request_id}/timeline",
                "timeline_focused": f"https://127.0.0.1:5000/api/requests/{request_id}/timeline_focused",
                "lock": f"https://127.0.0.1:5000/api/requests/{request_id}/lock",
                "unlock": f"https://127.0.0.1:5000/api/requests/{request_id}/unlock",
            },
        }
E       assert {'created': '...': True}, ...} == {'created': '...c639a09', ...}
E         
E         Omitting 18 identical items, use -vv to show
E         Left contains 1 more item:
E         {'files': {'enabled': True}}
E         
E         Full diff:
E           {
E               'created': '2026-02-25T19:56:13.092637+00:00',
E               'created_by': {
E                   'community': '855bd32d-6670-48d6-95d1-f275849bc1dc',
E               },
E               'expires_at': None,
E         +     'files': {
E         +         'enabled': True,
E         +     },
E               'id': 'ab136cbf-6bce-4741-8ac5-68776c639a09',
E               'is_closed': False,
E               'is_expired': False,
E               'is_open': True,
E               'last_activity_at': '2026-02-25T19:56:13.097836+00:00',
E               'last_reply': None,
E               'links': {
E                   'actions': {
E                       'cancel': 'https://127.0.0.1:5000/api/requests/ab136cbf-6bce-4741-8ac5-68776c639a09/actions/cancel',
E                   },
E                   'comments': 'https://127.0.0.1:5000/api/requests/ab136cbf-6bce-4741-8ac5-68776c639a09/comments',
E                   'lock': 'https://127.0.0.1:5000/api/requests/ab136cbf-6bce-4741-8ac5-68776c639a09/lock',
E                   'self': 'https://127.0.0.1:5000/api/requests/ab136cbf-6bce-4741-8ac5-68776c639a09',
E                   'timeline': 'https://127.0.0.1:5000/api/requests/ab136cbf-6bce-4741-8ac5-68776c639a09/timeline',
E                   'timeline_focused': 'https://127.0.0.1:5000/api/requests/ab136cbf-6bce-4741-8ac5-68776c639a09/timeline_focused',
E                   'unlock': 'https://127.0.0.1:5000/api/requests/ab136cbf-6bce-4741-8ac5-68776c639a09/unlock',
E               },
E               'number': '3',
E               'receiver': {
E                   'community': '2f583b2e-b172-40c8-9bf9-352cb9f66be5',
E               },
E               'revision_id': 2,
E               'status': 'submitted',
E               'title': 'Inclusion of subcommunity "Test community"',
E               'topic': {
E                   'community': '855bd32d-6670-48d6-95d1-f275849bc1dc',
E               },
E               'type': 'subcommunity',
E               'updated': '2026-02-25T19:56:13.097836+00:00',
E           }

tests/communities/test_subcommunities.py:190: AssertionError
------------------------------ Captured log call -------------------------------
ERROR    celery.app.trace:trace.py:267 Task invenio_notifications.tasks.broadcast_notification[d36bb03b-a51a-4f6b-ae98-18e0220d9190] raised unexpected: KeyError('subcommunity-request.create')
Traceback (most recent call last):
  File "/home/runner/work/invenio-testrig/invenio-testrig/workdir/tests/invenio-communities/patched/.venv/lib/python3.14/site-packages/celery/app/trace.py", line 453, in trace_task
    R = retval = fun(*args, **kwargs)
                 ~~~^^^^^^^^^^^^^^^^^
  File "/home/runner/work/invenio-testrig/invenio-testrig/workdir/tests/invenio-communities/patched/.venv/lib/python3.14/site-packages/invenio_notifications/tasks.py", line 21, in broadcast_notification
    current_notifications_manager.handle_broadcast(Notification(**notification))
    ~~~~~~~~~~~~~~~~~~~~~~~~~~~~~~~~~~~~~~~~~~~~~~^^^^^^^^^^^^^^^^^^^^^^^^^^^^^^
  File "/home/runner/work/invenio-testrig/invenio-testrig/workdir/tests/invenio-communities/patched/.venv/lib/python3.14/site-packages/invenio_notifications/manager.py", line 42, in handle_broadcast
    builder = self.builders[notification.type]
              ~~~~~~~~~~~~~^^^^^^^^^^^^^^^^^^^
KeyError: 'subcommunity-request.create'
____________________ test_subcommunity_existing_child_flow _____________________

app = <Flask 'invenio'>
curator = <pytest_invenio.user.UserFixtureBase object at 0x7f10f0a314f0>
owner = <pytest_invenio.user.UserFixtureBase object at 0x7f10f0a32d00>
parent_community = <invenio_communities.communities.services.results.CommunityItem object at 0x7f10f885df90>
child_community = <invenio_communities.communities.services.results.CommunityItem object at 0x7f10f885e490>

    def test_subcommunity_existing_child_flow(
        app, curator, owner, parent_community, child_community
    ):
        """Test the subcommunity request workflow for an existing community."""
        # Create a request
        client = curator.login(app.test_client())
        res = client.post(
            f"/communities/{str(parent_community.id)}/actions/join-request",
            json={"community_id": str(child_community.id)},
            headers={"content-type": "application/json"},
        )
    
        assert res.status_code == 201
        request_id = res.json["id"]
>       assert res.json == {
            "id": request_id,
            "number": res.json["number"],
            "created_by": {"community": str(child_community.id)},
            "topic": {"community": str(child_community.id)},
            "receiver": {"community": str(parent_community.id)},
            "type": "subcommunity",
            "status": "submitted",
            "title": 'Inclusion of subcommunity "Child Community"',
            "created": res.json["created"],
            "updated": res.json["updated"],
            "expires_at": None,
            "revision_id": 2,
            "is_closed": False,
            "is_expired": False,
            "is_open": True,
            "last_reply": None,
            "last_activity_at": res.json["updated"],
            "links": {
                "actions": {
                    # The requester can only cancel the request
                    "cancel": f"https://127.0.0.1:5000/api/requests/{request_id}/actions/cancel",
                },
                "comments": f"https://127.0.0.1:5000/api/requests/{request_id}/comments",
                "self": f"https://127.0.0.1:5000/api/requests/{request_id}",
                "timeline": f"https://127.0.0.1:5000/api/requests/{request_id}/timeline",
                "timeline_focused": f"https://127.0.0.1:5000/api/requests/{request_id}/timeline_focused",
                "lock": f"https://127.0.0.1:5000/api/requests/{request_id}/lock",
                "unlock": f"https://127.0.0.1:5000/api/requests/{request_id}/unlock",
            },
        }
E       assert {'created': '...': True}, ...} == {'created': '...17e7d25', ...}
E         
E         Omitting 18 identical items, use -vv to show
E         Left contains 1 more item:
E         {'files': {'enabled': True}}
E         
E         Full diff:
E           {
E               'created': '2026-02-25T19:56:13.598483+00:00',
E               'created_by': {
E                   'community': 'e46af301-a4f6-469b-bcb7-b3754859f6db',
E               },
E               'expires_at': None,
E         +     'files': {
E         +         'enabled': True,
E         +     },
E               'id': '846328b7-36c5-4c57-b681-d391417e7d25',
E               'is_closed': False,
E               'is_expired': False,
E               'is_open': True,
E               'last_activity_at': '2026-02-25T19:56:13.603440+00:00',
E               'last_reply': None,
E               'links': {
E                   'actions': {
E                       'cancel': 'https://127.0.0.1:5000/api/requests/846328b7-36c5-4c57-b681-d391417e7d25/actions/cancel',
E                   },
E                   'comments': 'https://127.0.0.1:5000/api/requests/846328b7-36c5-4c57-b681-d391417e7d25/comments',
E                   'lock': 'https://127.0.0.1:5000/api/requests/846328b7-36c5-4c57-b681-d391417e7d25/lock',
E                   'self': 'https://127.0.0.1:5000/api/requests/846328b7-36c5-4c57-b681-d391417e7d25',
E                   'timeline': 'https://127.0.0.1:5000/api/requests/846328b7-36c5-4c57-b681-d391417e7d25/timeline',
E                   'timeline_focused': 'https://127.0.0.1:5000/api/requests/846328b7-36c5-4c57-b681-d391417e7d25/timeline_focused',
E                   'unlock': 'https://127.0.0.1:5000/api/requests/846328b7-36c5-4c57-b681-d391417e7d25/unlock',
E               },
E               'number': '4',
E               'receiver': {
E                   'community': '56b914fb-e8ff-4798-9a1b-d86f2e09d5a5',
E               },
E               'revision_id': 2,
E               'status': 'submitted',
E               'title': 'Inclusion of subcommunity "Child Community"',
E               'topic': {
E                   'community': 'e46af301-a4f6-469b-bcb7-b3754859f6db',
E               },
E               'type': 'subcommunity',
E               'updated': '2026-02-25T19:56:13.603440+00:00',
E           }

tests/communities/test_subcommunities.py:312: AssertionError
------------------------------ Captured log call -------------------------------
ERROR    celery.app.trace:trace.py:267 Task invenio_notifications.tasks.broadcast_notification[85e279c9-66ec-44d1-a5cd-f738c12b8bd4] raised unexpected: KeyError('subcommunity-request.create')
Traceback (most recent call last):
  File "/home/runner/work/invenio-testrig/invenio-testrig/workdir/tests/invenio-communities/patched/.venv/lib/python3.14/site-packages/celery/app/trace.py", line 453, in trace_task
    R = retval = fun(*args, **kwargs)
                 ~~~^^^^^^^^^^^^^^^^^
  File "/home/runner/work/invenio-testrig/invenio-testrig/workdir/tests/invenio-communities/patched/.venv/lib/python3.14/site-packages/invenio_notifications/tasks.py", line 21, in broadcast_notification
    current_notifications_manager.handle_broadcast(Notification(**notification))
    ~~~~~~~~~~~~~~~~~~~~~~~~~~~~~~~~~~~~~~~~~~~~~~^^^^^^^^^^^^^^^^^^^^^^^^^^^^^^
  File "/home/runner/work/invenio-testrig/invenio-testrig/workdir/tests/invenio-communities/patched/.venv/lib/python3.14/site-packages/invenio_notifications/manager.py", line 42, in handle_broadcast
    builder = self.builders[notification.type]
              ~~~~~~~~~~~~~^^^^^^^^^^^^^^^^^^^
KeyError: 'subcommunity-request.create'
=============================== warnings summary ===============================
.venv/lib/python3.14/site-packages/edtf/parser/grammar.py:9
  /home/runner/work/invenio-testrig/invenio-testrig/workdir/tests/invenio-communities/patched/.venv/lib/python3.14/site-packages/edtf/parser/grammar.py:9: PyparsingDeprecationWarning: 'enablePackrat' deprecated - use 'enable_packrat'
    pyparsing.ParserElement.enablePackrat()

.venv/lib/python3.14/site-packages/edtf/parser/grammar.py:52
  /home/runner/work/invenio-testrig/invenio-testrig/workdir/tests/invenio-communities/patched/.venv/lib/python3.14/site-packages/edtf/parser/grammar.py:52: PyparsingDeprecationWarning: 'oneOf' deprecated - use 'one_of'
    oneThru12 = oneOf(["%.2d" % i for i in range(1, 13)])

.venv/lib/python3.14/site-packages/edtf/parser/grammar.py:53
  /home/runner/work/invenio-testrig/invenio-testrig/workdir/tests/invenio-communities/patched/.venv/lib/python3.14/site-packages/edtf/parser/grammar.py:53: PyparsingDeprecationWarning: 'oneOf' deprecated - use 'one_of'
    oneThru13 = oneOf(["%.2d" % i for i in range(1, 14)])

.venv/lib/python3.14/site-packages/edtf/parser/grammar.py:54
  /home/runner/work/invenio-testrig/invenio-testrig/workdir/tests/invenio-communities/patched/.venv/lib/python3.14/site-packages/edtf/parser/grammar.py:54: PyparsingDeprecationWarning: 'oneOf' deprecated - use 'one_of'
    oneThru23 = oneOf(["%.2d" % i for i in range(1, 24)])

.venv/lib/python3.14/site-packages/edtf/parser/grammar.py:55
  /home/runner/work/invenio-testrig/invenio-testrig/workdir/tests/invenio-communities/patched/.venv/lib/python3.14/site-packages/edtf/parser/grammar.py:55: PyparsingDeprecationWarning: 'oneOf' deprecated - use 'one_of'
    zeroThru23 = oneOf(["%.2d" % i for i in range(0, 24)])

.venv/lib/python3.14/site-packages/edtf/parser/grammar.py:56
  /home/runner/work/invenio-testrig/invenio-testrig/workdir/tests/invenio-communities/patched/.venv/lib/python3.14/site-packages/edtf/parser/grammar.py:56: PyparsingDeprecationWarning: 'oneOf' deprecated - use 'one_of'
    oneThru29 = oneOf(["%.2d" % i for i in range(1, 30)])

.venv/lib/python3.14/site-packages/edtf/parser/grammar.py:57
  /home/runner/work/invenio-testrig/invenio-testrig/workdir/tests/invenio-communities/patched/.venv/lib/python3.14/site-packages/edtf/parser/grammar.py:57: PyparsingDeprecationWarning: 'oneOf' deprecated - use 'one_of'
    oneThru30 = oneOf(["%.2d" % i for i in range(1, 31)])

.venv/lib/python3.14/site-packages/edtf/parser/grammar.py:58
  /home/runner/work/invenio-testrig/invenio-testrig/workdir/tests/invenio-communities/patched/.venv/lib/python3.14/site-packages/edtf/parser/grammar.py:58: PyparsingDeprecationWarning: 'oneOf' deprecated - use 'one_of'
    oneThru31 = oneOf(["%.2d" % i for i in range(1, 32)])

.venv/lib/python3.14/site-packages/edtf/parser/grammar.py:59
  /home/runner/work/invenio-testrig/invenio-testrig/workdir/tests/invenio-communities/patched/.venv/lib/python3.14/site-packages/edtf/parser/grammar.py:59: PyparsingDeprecationWarning: 'oneOf' deprecated - use 'one_of'
    oneThru59 = oneOf(["%.2d" % i for i in range(1, 60)])

.venv/lib/python3.14/site-packages/edtf/parser/grammar.py:60
  /home/runner/work/invenio-testrig/invenio-testrig/workdir/tests/invenio-communities/patched/.venv/lib/python3.14/site-packages/edtf/parser/grammar.py:60: PyparsingDeprecationWarning: 'oneOf' deprecated - use 'one_of'
    zeroThru59 = oneOf(["%.2d" % i for i in range(0, 60)])

.venv/lib/python3.14/site-packages/edtf/parser/grammar.py:63
  /home/runner/work/invenio-testrig/invenio-testrig/workdir/tests/invenio-communities/patched/.venv/lib/python3.14/site-packages/edtf/parser/grammar.py:63: PyparsingDeprecationWarning: 'excludeChars' argument is deprecated, use 'exclude_chars'
    positiveDigit = Word(nums, exact=1, excludeChars="0")

.venv/lib/python3.14/site-packages/edtf/parser/grammar.py:73
  /home/runner/work/invenio-testrig/invenio-testrig/workdir/tests/invenio-communities/patched/.venv/lib/python3.14/site-packages/edtf/parser/grammar.py:73: PyparsingDeprecationWarning: 'oneOf' deprecated - use 'one_of'
    (oneOf("01 03 05 07 08 10 12")("month") + "-" + oneThru31("day"))

.venv/lib/python3.14/site-packages/edtf/parser/grammar.py:74
  /home/runner/work/invenio-testrig/invenio-testrig/workdir/tests/invenio-communities/patched/.venv/lib/python3.14/site-packages/edtf/parser/grammar.py:74: PyparsingDeprecationWarning: 'oneOf' deprecated - use 'one_of'
    ^ (oneOf("04 06 09 11")("month") + "-" + oneThru30("day"))

.venv/lib/python3.14/site-packages/edtf/parser/parser_classes.py:103: 19 warnings
  /home/runner/work/invenio-testrig/invenio-testrig/workdir/tests/invenio-communities/patched/.venv/lib/python3.14/site-packages/edtf/parser/parser_classes.py:103: PyparsingDeprecationWarning: 'addParseAction' deprecated - use 'add_parse_action'
    p.addParseAction(cls.parse_action)

.venv/lib/python3.14/site-packages/edtf/parser/grammar.py:119
  /home/runner/work/invenio-testrig/invenio-testrig/workdir/tests/invenio-communities/patched/.venv/lib/python3.14/site-packages/edtf/parser/grammar.py:119: PyparsingDeprecationWarning: 'oneOf' deprecated - use 'one_of'
    UASymbol = Combine(oneOf("? ~ %"))

.venv/lib/python3.14/site-packages/edtf/parser/grammar.py:122
  /home/runner/work/invenio-testrig/invenio-testrig/workdir/tests/invenio-communities/patched/.venv/lib/python3.14/site-packages/edtf/parser/grammar.py:122: PyparsingDeprecationWarning: 'oneOf' deprecated - use 'one_of'
    seasonNumber = oneOf("21 22 23 24")

.venv/lib/python3.14/site-packages/edtf/parser/grammar.py:155
  /home/runner/work/invenio-testrig/invenio-testrig/workdir/tests/invenio-communities/patched/.venv/lib/python3.14/site-packages/edtf/parser/grammar.py:155: PyparsingDeprecationWarning: 'addParseAction' deprecated - use 'add_parse_action'
    l1Start.addParseAction(f)

.venv/lib/python3.14/site-packages/edtf/parser/grammar.py:157
  /home/runner/work/invenio-testrig/invenio-testrig/workdir/tests/invenio-communities/patched/.venv/lib/python3.14/site-packages/edtf/parser/grammar.py:157: PyparsingDeprecationWarning: 'addParseAction' deprecated - use 'add_parse_action'
    l1End.addParseAction(f)

.venv/lib/python3.14/site-packages/edtf/parser/grammar.py:199
  /home/runner/work/invenio-testrig/invenio-testrig/workdir/tests/invenio-communities/patched/.venv/lib/python3.14/site-packages/edtf/parser/grammar.py:199: PyparsingDeprecationWarning: 'oneOf' deprecated - use 'one_of'
    monthWithX = Combine(oneOf("0X 1X") ^ ("X" + digitOrX))("month")

.venv/lib/python3.14/site-packages/edtf/parser/grammar.py:303
.venv/lib/python3.14/site-packages/edtf/parser/grammar.py:303
  /home/runner/work/invenio-testrig/invenio-testrig/workdir/tests/invenio-communities/patched/.venv/lib/python3.14/site-packages/edtf/parser/grammar.py:303: PyparsingDeprecationWarning: 'addParseAction' deprecated - use 'add_parse_action'
    earlier = L("..").addParseAction(f)("lower") + date("upper").addParseAction(f)

.venv/lib/python3.14/site-packages/edtf/parser/grammar.py:304
.venv/lib/python3.14/site-packages/edtf/parser/grammar.py:304
  /home/runner/work/invenio-testrig/invenio-testrig/workdir/tests/invenio-communities/patched/.venv/lib/python3.14/site-packages/edtf/parser/grammar.py:304: PyparsingDeprecationWarning: 'addParseAction' deprecated - use 'add_parse_action'
    later = date("lower").addParseAction(f) + L("..").addParseAction(f)("upper")

.venv/lib/python3.14/site-packages/edtf/parser/grammar.py:325
  /home/runner/work/invenio-testrig/invenio-testrig/workdir/tests/invenio-communities/patched/.venv/lib/python3.14/site-packages/edtf/parser/grammar.py:325: PyparsingDeprecationWarning: 'oneOf' deprecated - use 'one_of'
    seasonL2Number = oneOf("21 22 23 24 25 26 27 28 29 30 31 32 33 34 35 36 37 38 39 40 41")

.venv/lib/python3.14/site-packages/invenio_requests/services/files/config.py:64
  /home/runner/work/invenio-testrig/invenio-testrig/workdir/tests/invenio-communities/patched/.venv/lib/python3.14/site-packages/invenio_requests/services/files/config.py:64: DeprecationWarning: Link is deprecated and will be removed in v14.0. Use `ExternalLink` for third-party links and `EndpointLink` for InvenioRDM links.
    "self": RequestFileLink("{+api}/requests/{request_id}/files/{key}"),

.venv/lib/python3.14/site-packages/invenio_requests/services/files/config.py:65
  /home/runner/work/invenio-testrig/invenio-testrig/workdir/tests/invenio-communities/patched/.venv/lib/python3.14/site-packages/invenio_requests/services/files/config.py:65: DeprecationWarning: Link is deprecated and will be removed in v14.0. Use `ExternalLink` for third-party links and `EndpointLink` for InvenioRDM links.
    "content": RequestFileLink("{+api}/requests/{request_id}/files/{key}/content"),

.venv/lib/python3.14/site-packages/invenio_requests/services/files/config.py:66
  /home/runner/work/invenio-testrig/invenio-testrig/workdir/tests/invenio-communities/patched/.venv/lib/python3.14/site-packages/invenio_requests/services/files/config.py:66: DeprecationWarning: Link is deprecated and will be removed in v14.0. Use `ExternalLink` for third-party links and `EndpointLink` for InvenioRDM links.
    "download_html": RequestFileLink("{+ui}/requests/{request_id}/files/{key}"),

.venv/lib/python3.14/site-packages/invenio_vocabularies/config.py:15
  /home/runner/work/invenio-testrig/invenio-testrig/workdir/tests/invenio-communities/patched/.venv/lib/python3.14/site-packages/invenio_vocabularies/config.py:15: DeprecationWarning: Implicit imports (e.g., 'import idutils; idutils.function;') might be removed in the next major version. Please use explicit imports (e.g., 'from idutils import function;') instead.
    from idutils import is_doi, is_gnd, is_isni, is_orcid, is_ror, is_url

tests/communities/test_cli.py: 1 warning
tests/communities/test_community_ui_serializer.py: 1 warning
tests/communities/test_components.py: 1 warning
tests/communities/test_parent_community.py: 1 warning
tests/communities/test_permissions.py: 1 warning
tests/communities/test_relations_organizations.py: 1 warning
tests/communities/test_relations_types.py: 1 warning
tests/communities/test_resources.py: 1 warning
tests/communities/test_services.py: 1 warning
tests/communities/test_subcommunities.py: 1 warning
tests/communities/test_tombstone.py: 1 warning
tests/communities/test_ui.py: 1 warning
tests/members/test_members_components.py: 1 warning
tests/members/test_members_no_groups.py: 1 warning
tests/members/test_members_notifications.py: 1 warning
tests/members/test_members_resource.py: 1 warning
tests/members/test_members_services.py: 1 warning
tests/records/test_mockrecords_api.py: 1 warning
tests/test_notifications.py: 1 warning
  /home/runner/work/invenio-testrig/invenio-testrig/workdir/tests/invenio-communities/patched/.venv/lib/python3.14/site-packages/invenio_rest/ext.py:29: FutureWarning: CSRF validation will be enabled by default in the version 1.3.x
    self.init_app(app)

tests/communities/test_cli.py: 1 warning
tests/communities/test_community_ui_serializer.py: 1 warning
tests/communities/test_components.py: 1 warning
tests/communities/test_parent_community.py: 1 warning
tests/communities/test_permissions.py: 1 warning
tests/communities/test_relations_organizations.py: 1 warning
tests/communities/test_relations_types.py: 1 warning
tests/communities/test_resources.py: 1 warning
tests/communities/test_services.py: 1 warning
tests/communities/test_subcommunities.py: 1 warning
tests/communities/test_tombstone.py: 1 warning
tests/communities/test_ui.py: 1 warning
tests/members/test_members_components.py: 1 warning
tests/members/test_members_no_groups.py: 1 warning
tests/members/test_members_notifications.py: 1 warning
tests/members/test_members_resource.py: 1 warning
tests/members/test_members_services.py: 1 warning
tests/records/test_mockrecords_api.py: 1 warning
tests/test_notifications.py: 1 warning
  /home/runner/work/invenio-testrig/invenio-testrig/workdir/tests/invenio-communities/patched/.venv/lib/python3.14/site-packages/invenio_oaiserver/ext.py:169: UserWarning: Please specify the OAISERVER_ID_PREFIX configuration.default value is: oai:runnervmnay03:
    warnings.warn(

tests/records/test_mockrecords_api.py::test_record_create_empty
  /home/runner/work/invenio-testrig/invenio-testrig/workdir/tests/invenio-communities/patched/.venv/lib/python3.14/site-packages/invenio_search/ext.py:128: UserWarning: OpenSearch v2 mappings files not found, falling back to Elasticsearch v7 mappings for module tests.records.mock_module.mappings. Please add the missing OpenSearch os-v2 mappings.
    warnings.warn(

-- Docs: https://docs.pytest.org/en/stable/how-to/capture-warnings.html
================================ tests coverage ================================
_______________ coverage: platform linux, python 3.14.2-final-0 ________________

Name                                                                             Stmts   Miss  Cover   Missing
--------------------------------------------------------------------------------------------------------------
invenio_communities/__init__.py                                                      4      0   100%
invenio_communities/administration/__init__.py                                       0      0   100%
invenio_communities/administration/communities.py                                   42      1    98%   78
invenio_communities/alembic/02cd82910727_update_role_id_type_upgrade.py             13      5    62%   33-55, 67
invenio_communities/alembic/5b478fe7ef7f_create_featured_communities_table.py       12      2    83%   24, 54
invenio_communities/alembic/5c68d45c80f0_add_deletion_status_to_communities.py      27     18    33%   22-43, 49-62, 67
invenio_communities/alembic/37b21951084c_update_role_id_type_downgrade.py           13      5    62%   22, 27-51
invenio_communities/alembic/72b37bb4119c_create_indeces_for_bucket_id.py            11      4    64%   21-27, 37-40
invenio_communities/alembic/90642d415317_create_communities_branch.py                8      2    75%   20, 25
invenio_communities/alembic/__init__.py                                              0      0   100%
invenio_communities/alembic/a3f5a8635cbb_remove_version_table.py                    22     12    45%   24-40, 48-111
invenio_communities/alembic/c3feb26c7041_change_datetime_types.py                   15      8    47%   25-34, 41-50
invenio_communities/alembic/de9c14cbb0b2_create_communities_tables.py               24     14    42%   25-171, 178-193
invenio_communities/alembic/f701a32e6fbe_create_communities_members_table.py        14      4    71%   24-65, 75-76
invenio_communities/alembic/fbe746957cfc_create_member_tables.py                    36     26    28%   27-147, 157-196
invenio_communities/cache/__init__.py                                                0      0   100%
invenio_communities/cache/cache.py                                                  18      0   100%
invenio_communities/cache/redis.py                                                  29      1    97%   64
invenio_communities/cli.py                                                          76     21    72%   47-49, 56-62, 69-74, 99-100, 108-112, 124-126
invenio_communities/communities/__init__.py                                          3      0   100%
invenio_communities/communities/dumpers/__init__.py                                  0      0   100%
invenio_communities/communities/dumpers/featured.py                                 16      0   100%
invenio_communities/communities/entity_resolvers.py                                 32      9    72%   35-48, 69, 80
invenio_communities/communities/records/__init__.py                                  0      0   100%
invenio_communities/communities/records/api.py                                      45      0   100%
invenio_communities/communities/records/jsonschemas/__init__.py                      0      0   100%
invenio_communities/communities/records/mappings/__init__.py                         0      0   100%
invenio_communities/communities/records/mappings/os-v1/__init__.py                   0      0   100%
invenio_communities/communities/records/mappings/os-v2/__init__.py                   0      0   100%
invenio_communities/communities/records/mappings/v7/__init__.py                      0      0   100%
invenio_communities/communities/records/models.py                                   22      0   100%
invenio_communities/communities/records/systemfields/__init__.py                     0      0   100%
invenio_communities/communities/records/systemfields/access.py                     148     14    91%   136, 148, 154, 159, 170, 182, 194, 240, 264, 284-291, 304
invenio_communities/communities/records/systemfields/children.py                    50      3    94%   31, 74, 77
invenio_communities/communities/records/systemfields/deletion_status.py             59      6    90%   57, 61, 70, 75-78
invenio_communities/communities/records/systemfields/is_verified.py                 11      0   100%
invenio_communities/communities/records/systemfields/parent_community.py            53      3    94%   63-64, 119
invenio_communities/communities/records/systemfields/pidslug.py                     44      3    93%   41, 51, 67
invenio_communities/communities/records/systemfields/tombstone.py                   96      4    96%   44, 140, 146, 178
invenio_communities/communities/resources/__init__.py                                3      0   100%
invenio_communities/communities/resources/args.py                                    5      0   100%
invenio_communities/communities/resources/config.py                                 21      0   100%
invenio_communities/communities/resources/resource.py                               91      8    91%   73-78, 89-96, 162-168, 241-248
invenio_communities/communities/resources/serializer.py                              5      0   100%
invenio_communities/communities/resources/ui_schema.py                              76     17    78%   35-36, 51-62, 124-128, 135
invenio_communities/communities/schema.py                                          124      1    99%   275
invenio_communities/communities/services/__init__.py                                 4      0   100%
invenio_communities/communities/services/components.py                             188     10    95%   46, 57, 65, 80, 257, 283-284, 327, 331, 348
invenio_communities/communities/services/config.py                                  52      2    96%   81-85
invenio_communities/communities/services/facets.py                                   6      0   100%
invenio_communities/communities/services/links.py                                   34      1    97%   75
invenio_communities/communities/services/results.py                                 45      4    91%   76, 80, 100, 119
invenio_communities/communities/services/search_params.py                           14      1    93%   27
invenio_communities/communities/services/service.py                                258     26    90%   127, 305-306, 473, 480, 520-547, 634-638, 674-680, 716, 743-758
invenio_communities/communities/services/sort.py                                    10      2    80%   32-33
invenio_communities/communities/services/uow.py                                     14      0   100%
invenio_communities/config.py                                                       50      0   100%
invenio_communities/errors.py                                                       29      1    97%   66
invenio_communities/ext.py                                                          73     10    86%   138-139, 144-189
invenio_communities/fixtures/__init__.py                                             0      0   100%
invenio_communities/fixtures/demo.py                                                 5      0   100%
invenio_communities/fixtures/tasks.py                                               42     13    69%   38-39, 42-43, 45-50, 76-79
invenio_communities/generators.py                                                  182     25    86%   74, 105-110, 150-151, 219-224, 228-229, 233-234, 254, 258, 281, 291, 295, 309, 365, 379, 397
invenio_communities/members/__init__.py                                              4      0   100%
invenio_communities/members/errors.py                                                3      0   100%
invenio_communities/members/records/__init__.py                                      3      0   100%
invenio_communities/members/records/api.py                                          94      2    98%   98-101
invenio_communities/members/records/mappings/__init__.py                             0      0   100%
invenio_communities/members/records/mappings/os-v1/__init__.py                       0      0   100%
invenio_communities/members/records/mappings/os-v2/__init__.py                       0      0   100%
invenio_communities/members/records/mappings/v7/__init__.py                          0      0   100%
invenio_communities/members/records/models.py                                       55      2    96%   100-101
invenio_communities/members/resources/__init__.py                                    3      0   100%
invenio_communities/members/resources/config.py                                     13      0   100%
invenio_communities/members/resources/resource.py                                   57      0   100%
invenio_communities/members/services/__init__.py                                     3      0   100%
invenio_communities/members/services/components.py                                  45      9    80%   34, 37, 41-48, 69
invenio_communities/members/services/config.py                                      46      0   100%
invenio_communities/members/services/facets.py                                       7      0   100%
invenio_communities/members/services/fields.py                                      22      8    64%   38-45
invenio_communities/members/services/request.py                                     53      0   100%
invenio_communities/members/services/schemas.py                                     82      0   100%
invenio_communities/members/services/service.py                                    239      9    96%   352, 546, 711, 715, 719, 723, 828, 833, 839
invenio_communities/notifications/__init__.py                                        0      0   100%
invenio_communities/notifications/builders.py                                       85      1    99%   309
invenio_communities/notifications/generators.py                                     28      1    96%   51
invenio_communities/permissions.py                                                  49      0   100%
invenio_communities/proxies.py                                                       8      0   100%
invenio_communities/records/__init__.py                                              0      0   100%
invenio_communities/records/records/__init__.py                                      0      0   100%
invenio_communities/records/records/models.py                                       17      0   100%
invenio_communities/records/records/systemfields/__init__.py                         2      0   100%
invenio_communities/records/records/systemfields/communities/__init__.py             0      0   100%
invenio_communities/records/records/systemfields/communities/context.py              4      1    75%   28
invenio_communities/records/records/systemfields/communities/field.py               40     14    65%   59, 64-111, 115-118
invenio_communities/records/records/systemfields/communities/manager.py             99      2    98%   167, 208
invenio_communities/requests/user_moderation/__init__.py                             2      0   100%
invenio_communities/requests/user_moderation/actions.py                             40     28    30%   32-60, 70-85, 95-99, 108-117
invenio_communities/requests/user_moderation/tasks.py                               16      8    50%   19-25, 31-35
invenio_communities/roles.py                                                        61      1    98%   80
invenio_communities/searchapp.py                                                     5      1    80%   18
invenio_communities/subcommunities/__init__.py                                       3      0   100%
invenio_communities/subcommunities/resources/__init__.py                             3      0   100%
invenio_communities/subcommunities/resources/config.py                              20      0   100%
invenio_communities/subcommunities/resources/resource.py                            18      0   100%
invenio_communities/subcommunities/services/__init__.py                              4      0   100%
invenio_communities/subcommunities/services/config.py                               22      0   100%
invenio_communities/subcommunities/services/errors.py                                2      0   100%
invenio_communities/subcommunities/services/request.py                              67     16    76%   50-57, 96-108, 116-128, 137-144, 187, 200
invenio_communities/subcommunities/services/schema.py                               16      1    94%   49
invenio_communities/subcommunities/services/service.py                              62     11    82%   45, 55, 84, 119, 136, 166-175
invenio_communities/tasks.py                                                         5      1    80%   22
invenio_communities/utils.py                                                        55      5    91%   107, 110-113
invenio_communities/views/__init__.py                                                3      0   100%
invenio_communities/views/api.py                                                    11      0   100%
invenio_communities/views/communities.py                                           172    107    38%   169, 179-191, 196, 201, 209-210, 218-219, 231-260, 269-277, 296-309, 329-334, 346-371, 388-392, 404-414, 433-437, 455-459, 471-475, 489-492, 505-509, 522-525, 537-546
invenio_communities/views/decorators.py                                             27     10    63%   28-38, 51-57
invenio_communities/views/template_loader.py                                        24      2    92%   46-47
invenio_communities/views/ui.py                                                     84     34    60%   54, 59-70, 81-84, 89, 100-103, 108-111, 116-123, 243-245, 250-260
invenio_communities/webpack.py                                                       2      0   100%
--------------------------------------------------------------------------------------------------------------
TOTAL                                                                             4059    560    86%
=========================== short test summary info ============================
FAILED tests/communities/test_subcommunities.py::test_subcommunity_simple_flow - assert {'created': '...': True}, ...} == {'created': '...c639a09', ...}
  
  Omitting 18 identical items, use -vv to show
  Left contains 1 more item:
  {'files': {'enabled': True}}
  
  Full diff:
    {
        'created': '2026-02-25T19:56:13.092637+00:00',
        'created_by': {
            'community': '855bd32d-6670-48d6-95d1-f275849bc1dc',
        },
        'expires_at': None,
  +     'files': {
  +         'enabled': True,
  +     },
        'id': 'ab136cbf-6bce-4741-8ac5-68776c639a09',
        'is_closed': False,
        'is_expired': False,
        'is_open': True,
        'last_activity_at': '2026-02-25T19:56:13.097836+00:00',
        'last_reply': None,
        'links': {
            'actions': {
                'cancel': 'https://127.0.0.1:5000/api/requests/ab136cbf-6bce-4741-8ac5-68776c639a09/actions/cancel',
            },
            'comments': 'https://127.0.0.1:5000/api/requests/ab136cbf-6bce-4741-8ac5-68776c639a09/comments',
            'lock': 'https://127.0.0.1:5000/api/requests/ab136cbf-6bce-4741-8ac5-68776c639a09/lock',
            'self': 'https://127.0.0.1:5000/api/requests/ab136cbf-6bce-4741-8ac5-68776c639a09',
            'timeline': 'https://127.0.0.1:5000/api/requests/ab136cbf-6bce-4741-8ac5-68776c639a09/timeline',
            'timeline_focused': 'https://127.0.0.1:5000/api/requests/ab136cbf-6bce-4741-8ac5-68776c639a09/timeline_focused',
            'unlock': 'https://127.0.0.1:5000/api/requests/ab136cbf-6bce-4741-8ac5-68776c639a09/unlock',
        },
        'number': '3',
        'receiver': {
            'community': '2f583b2e-b172-40c8-9bf9-352cb9f66be5',
        },
        'revision_id': 2,
        'status': 'submitted',
        'title': 'Inclusion of subcommunity "Test community"',
        'topic': {
            'community': '855bd32d-6670-48d6-95d1-f275849bc1dc',
        },
        'type': 'subcommunity',
        'updated': '2026-02-25T19:56:13.097836+00:00',
    }
FAILED tests/communities/test_subcommunities.py::test_subcommunity_existing_child_flow - assert {'created': '...': True}, ...} == {'created': '...17e7d25', ...}
  
  Omitting 18 identical items, use -vv to show
  Left contains 1 more item:
  {'files': {'enabled': True}}
  
  Full diff:
    {
        'created': '2026-02-25T19:56:13.598483+00:00',
        'created_by': {
            'community': 'e46af301-a4f6-469b-bcb7-b3754859f6db',
        },
        'expires_at': None,
  +     'files': {
  +         'enabled': True,
  +     },
        'id': '846328b7-36c5-4c57-b681-d391417e7d25',
        'is_closed': False,
        'is_expired': False,
        'is_open': True,
        'last_activity_at': '2026-02-25T19:56:13.603440+00:00',
        'last_reply': None,
        'links': {
            'actions': {
                'cancel': 'https://127.0.0.1:5000/api/requests/846328b7-36c5-4c57-b681-d391417e7d25/actions/cancel',
            },
            'comments': 'https://127.0.0.1:5000/api/requests/846328b7-36c5-4c57-b681-d391417e7d25/comments',
            'lock': 'https://127.0.0.1:5000/api/requests/846328b7-36c5-4c57-b681-d391417e7d25/lock',
            'self': 'https://127.0.0.1:5000/api/requests/846328b7-36c5-4c57-b681-d391417e7d25',
            'timeline': 'https://127.0.0.1:5000/api/requests/846328b7-36c5-4c57-b681-d391417e7d25/timeline',
            'timeline_focused': 'https://127.0.0.1:5000/api/requests/846328b7-36c5-4c57-b681-d391417e7d25/timeline_focused',
            'unlock': 'https://127.0.0.1:5000/api/requests/846328b7-36c5-4c57-b681-d391417e7d25/unlock',
        },
        'number': '4',
        'receiver': {
            'community': '56b914fb-e8ff-4798-9a1b-d86f2e09d5a5',
        },
        'revision_id': 2,
        'status': 'submitted',
        'title': 'Inclusion of subcommunity "Child Community"',
        'topic': {
            'community': 'e46af301-a4f6-469b-bcb7-b3754859f6db',
        },
        'type': 'subcommunity',
        'updated': '2026-02-25T19:56:13.603440+00:00',
    }
====== 2 failed, 255 passed, 1 skipped, 85 warnings in 165.94s (0:02:45) =======
 Container docker_services_cli-opensearch-1  Stopping
 Container docker_services_cli-postgresql-1  Stopping
 Container docker_services_cli-redis-1  Stopping
 Container docker_services_cli-redis-1  Stopped
 Container docker_services_cli-redis-1  Removing
 Container docker_services_cli-redis-1  Removed
 Container docker_services_cli-postgresql-1  Stopped
 Container docker_services_cli-postgresql-1  Removing
 Container docker_services_cli-postgresql-1  Removed
 Container docker_services_cli-opensearch-1  Stopped
 Container docker_services_cli-opensearch-1  Removing
 Container docker_services_cli-opensearch-1  Removed
 Network docker_services_cli_default  Removing
 Network docker_services_cli_default  Removed
